no,phase,goal,summary,deliverables,priority,dependencies,notes
1,Googleログイン + Firestore導入,ユーザー単位でデータを保持できる基盤を作る,"Firebase Authentication（Googleログイン）導入 / Firestore導入 / localStorage→クラウド移行方針 / ユーザー単位保存 / 既存データ移行設計","ログイン/ログアウト、ユーザーID、Firestore保存、進捗保存、図鑑保存、データ移行方針、Firestoreスキーマ",最優先,,"最初はGoogleログインのみでOK。複数端末の競合方針もここで整理する"
2,無料コイン設計,ごほうび経済を作り課金/広告の土台にする,"タスク達成・連続ログインの無料コイン付与 / 1日・2週間の獲得量試算 / 価格帯の仮決め / 消費優先順の整理","無料コイン仕様、付与テーブル、上限案、価格感のたたき台",最優先,1,"まずはコイン概念と体感を作る。todayExpとは分離して考える"
3,ウォレット/インベントリ基盤 + ショップ土台,無料コインの使い道と所持管理を作る,"wallet（free/paid coin）設計 / inventory（背景・フレーム所持）設計 / ショップ画面 / 背景・フレーム商品の表示・購入・所持管理 / 購入反映","ウォレット構造、インベントリ構造、ショップUI、商品マスタ、所持状態反映",最優先,"1,2","最初は背景3・フレーム3で十分。activeBackgroundId/activeFrameId もここで持つ"
4,広告追加,無料コインの追加獲得導線を作る,"広告視聴で無料コイン付与 / 1日回数制限 / UX調整 / Web版とアプリ版の実装差分整理","広告視聴導線、報酬付与、回数制限ロジック、広告仕様メモ",高,"2,3","バナーは控えめ、報酬型が相性◎。Web/アプリでSDKや実装差分がある前提"
5,有料コイン（決済）追加,マネタイズの中核を作る,"有償コイン実装 / 無料コインとの区別 / 有償商品追加 / 購入状態・付与 / 購入履歴保存","課金商品（コインパック等）、付与処理、購入履歴、paidCoin反映",高,"1,2,3","Web課金はStripe Payment Links想定。アプリ化後はIAP/Play Billingへ切替"
6,春イベント実装,イベント体験を作り卵/装飾の魅力を見せる,"春イベント画面 / イベント卵 / 無料配布（1個） / 報酬・交換 / 限定背景・フレーム / 図鑑反映","イベントフロー、限定アイテム、交換導線、図鑑反映",中,"3,5","無料でも1回は楽しめる設計にする"
7,アプリ化準備,iOS/Androidへ広げる前の整備,"UI/レスポンシブ最終調整 / ストア素材（アイコン・スクショ） / プライバシー文面準備 / 実機確認 / Firebase運用見直し","配布素材一式、チェックリスト、調整済みUI、必要文面",中,1,"Webと同一データ/同一アカウント運用を前提に整備する"
8,iOSアプリ作成,iPhoneでアプリとして提供する,"iOS向けビルド方式決定 / テスト / ストア提出準備 / 課金・広告のiOS要件整理 / TestFlight配布","iOSアプリ、申請用情報、TestFlight確認",後半,7,"まずはテスト配布でOK。決済はWeb版StripeからIAPへ切り替える想定"
9,Androidアプリ作成,Androidでも提供する,"Android向けビルド / テスト / Play公開準備 / 課金・広告のAndroid要件整理","Androidアプリ、Play公開設定、テスト確認",後半,7,"iOSで運用を固めてから横展開すると進めやすい"
