monster_id,name,attribute,stage,rarity,unlock_lv,unlock_condition,evolution_from,evolution_to,description,is_special,movement_type
1,タマゴ,none,egg,common,0,start,,ピンクスライム|ブルースライム|グリーンスライム|パープルスライム,どんなモンスターになるかまだ分からない不思議なタマゴ,FALSE
2,ピンクスライム,heal,baby,common,5,heal,タマゴ,ミニフェアリー,ぷるぷるしていて触ると少し元気をくれる優しいスライム,FALSE
3,ブルースライム,power,baby,common,5,power,タマゴ,プチドラ,元気いっぱいで跳ね回る活発なスライム,FALSE
4,グリーンスライム,knowledge,baby,common,5,knowledge,タマゴ,プチビースト,静かに周囲を観察している賢そうなスライム,FALSE
5,パープルスライム,create,baby,common,5,create,タマゴ,ミニスピリット,不思議な輝きを持つ想像力豊かなスライム,FALSE
6,ミニフェアリー,heal,child,normal,20,heal,ピンクスライム,アークフェアリー,小さな羽を持つ精霊。近くにいると心が落ち着く,FALSE,flying
7,プチドラ,power,child,normal,20,power,ブルースライム,ドラゴン,まだ小さいが炎を吐く力を秘めたドラゴンの子供,FALSE
8,プチビースト,knowledge,child,normal,20,knowledge,グリーンスライム,ウィザードビースト,魔力と知識を少しだけ扱える賢いビースト,FALSE
9,ミニスピリット,create,child,normal,20,create,パープルスライム,アートゴーレム,芸術的なオーラを持つ自由な精霊,FALSE
10,アークフェアリー,heal,adult,rare,40,heal,ミニフェアリー,セラフィム,大きな羽を持つ癒しの精霊。仲間を優しく守る存在,FALSE
11,ドラゴン,power,adult,rare,40,power,プチドラ,アークドラゴン,力強い翼と炎を持つ堂々としたドラゴン,FALSE
12,ウィザードビースト,knowledge,adult,rare,40,knowledge,プチビースト,アークメイジ,魔法と知恵を操る神秘的なビースト,FALSE
13,アートゴーレム,create,adult,rare,40,create,ミニスピリット,クリエイター,創造の力で形作られた不思議なゴーレム,FALSE
14,セラフィム,heal,final,ultra_rare,70,heal,アークフェアリー,,神秘的な光を放つ最高位の癒しモンスター,FALSE
15,アークドラゴン,power,final,ultra_rare,70,power,ドラゴン,,天空を支配する伝説級のドラゴン,FALSE
16,アークメイジ,knowledge,final,ultra_rare,70,knowledge,ウィザードビースト,,圧倒的な魔力と知識を持つ大魔導士,FALSE
17,クリエイター,create,final,ultra_rare,70,create,アートゴーレム,,創造の力で世界を彩る芸術の守護者,FALSE
18,ゴールデンスライム,special,baby,ultra_rare,0,login_7,,ゴールドドラゴン,幸運を運ぶと言われる黄金のスライム,TRUE
19,ゴールデンプチドラゴン,special,baby,ultra_rare,0,login_14,,ゴールドドラゴン,幸運を運ぶと言われる黄金のプチドラゴン,TRUE
20,ゴールドドラゴン,special,adult,ultra_rare,0,login_28,ゴールデンスライム|ゴールデンプチドラゴン,,富と幸運の象徴とされる伝説のドラゴン,TRUE
21,シャドウスピリット,special,adult,common,70,night_task_50,,,夜の静けさから生まれた神秘の精霊,TRUE
22,春の芽吹きたまご,special,egg,rare,0,spring_event1_start,,つぼみスライム|しずくスライム,花びら模様が浮かぶ春イベントの特別なたまご,TRUE
23,つぼみスライム,special,baby,rare,5,heal|knowledge,春の芽吹きたまご,はなもりフェアリー|ミニハルネズミ,小さな花のつぼみをのせた春色のスライム。あたたかい日差しが好き,TRUE
24,しずくスライム,special,baby,rare,5,power|create,春の芽吹きたまご,プチリュウ|ミニラビット,雨の雫から生まれたスライム。雨の日が好き,TRUE
25,はなもりフェアリー,special,child,rare,20,heal,つぼみスライム,ハルフェアリー,花畑を守る小さな妖精。歩いたあとに若草が芽吹く,TRUE
26,ミニハルネズミ,special,child,rare,20,knowledge,つぼみスライム,ハルネズミ,春を運んでくる小さなネズミ。頭に刺している花のツボミがチャームポイント,TRUE
27,プチリュウ,special,child,rare,20,power,しずくスライム,ハルリュウ,ちいさなリュウ。見つけると幸運になると言われる,TRUE
28,ミニラビット,special,child,rare,20,create,しずくスライム,イースターラビット,うさぎのようなモンスター。可愛く見えるが結構戦好き,TRUE
29,ハルフェアリー,special,adult,rare,40,heal,はなもりフェアリー,ハルノセラフィム,春を運んでくる妖精。綺麗な女性に間違えられる時もある,TRUE
30,ハルネズミ,special,adult,rare,40,knowledge,ミニハルネズミ,フラワーネズミ,春になると地上に出てくる。ハリネズミのようにも見えるが、針のうえに花が咲いている,TRUE
31,ハルリュウ,special,adult,rare,40,power,プチリュウ,ハルノツカイ,春を運んでくるリュウ。透き通るような体に春の花をつけている,TRUE
32,イースターラビット,special,adult,rare,40,create,ミニラビット,ジクウノタビビト,卵を集めているコレクターなうさぎモンスター,TRUE
33,ハルノセラフィム,special,final,rare,70,heal,ハルフェアリー,,桜の花びらをつけている春の守護者。仲間を花びらの風で包みこむ,TRUE
34,フラワーネズミ,special,final,rare,70,knowledge,ハルネズミ,,花を纏わせているネズミモンスター。意外と可愛くて人気が高い,TRUE
35,ハルノツカイ,special,final,rare,70,power,ハルリュウ,,春を運んでくる龍。見たものは未来永劫幸せになると言われる,TRUE
36,ジクウノタビビト,special,final,rare,70,create,イースターラビット,,卵を集めるために時空を歪めることに成功したうさぎモンスター。常に時計を持っている,TRUE
37,梅雨の雨宿りたまご,special,egg,rare,0,june_event1_start,,まめしばもどき|黒まめしばもどき,葉っぱで雨宿りしている梅雨イベントの特別なたまご,TRUE
38,まめしばもどき,special,baby,rare,5,heal|knowledge,梅雨の雨宿りたまご,おかげ犬もどき|おつかいいぬもどき|きつねみこ,神社の駒使い。本人は犬ではないと言い張っているが真偽は定かではない。骨が好き,TRUE
39,黒まめしばもどき,special,baby,rare,5,power|create,梅雨の雨宿りたまご,おかげ犬もどき|おつかいいぬもどき|きつねみこ,神社の駒使い。本人は犬ではないと言い張っているが真偽は定かではない。肉が好き,TRUE
40,おかげ犬もどき,special,child,rare,20,heal,まめしばもどき|黒まめしばもどき,こまいぬもどき,主人の代わりに神社にお参りする犬に見えるが、本人はモンスターと言い張っている,TRUE
41,おつかいいぬもどき,special,child,rare,20,knowledge,まめしばもどき|黒まめしばもどき,けろべろすもどき,小さなお使いができる賢い犬。本人はモンスターと言い張っているが。。。,TRUE
42,きつねみこ,special,child,rare,20,power|create,まめしばもどき|黒まめしばもどき,梅雨の神使|狐の神主,神社の巫女様。童のような姿をしているが、狐の耳と尻尾が隠せていない,TRUE
43,こまいぬもどき,special,adult,rare,40,heal,おかげ犬もどき,神社の守り神,神社を守る犬もどき。ただ訪問者が来ると嬉しくて尻尾が揺れるらしい,TRUE
44,けろべろすもどき,special,adult,rare,40,knowledge,おつかいいぬもどき,神社のケロベロス,まめしばの顔が三つある犬モンスター。人が来ると全員嬉しくなってしまう,TRUE
45,梅雨の神使,special,adult,rare,40,power,きつねみこ,女狐神主,成人の女性のような姿をしているが、まだ少し耳と尻尾が出てしまっている狐。,TRUE
46,狐の神主,special,adult,rare,40,create,きつねみこ,狐の雷神,成人の男性のような姿でこの神社を守る神主。油揚げに目がない,TRUE
47,神社の守り神,special,final,rare,70,heal,こまいぬもどき,,立派に成長した犬もどき。スカーフを巻いた忍者の格好をして神社を静かに見守っている。,TRUE
48,神社のケロベロス,special,final,rare,70,knowledge,けろべろすもどき,,神社を守ってくれるケロベロス。連帯感が強い。,TRUE
49,女狐神主,special,final,rare,70,power,梅雨の神使,,九尾となった女狐。凄まじい力で神社を守っている。,TRUE
50,狐の雷神,special,final,rare,70,create,狐の神主,,九尾でさらに雷神となった狐。神社に危害を加えるものは容赦しない。,TRUE
51,夏の日差し卵,special,egg,rare,0,july_event1_start,,イエローダック|ブルーダック,夏の日差しをうけた夏イベントの特別なたまご,TRUE,ground
52,イエローダック,special,baby,rare,5,heal|knowledge,夏の日差し卵,ピンクスワン|スイマーダック,暑い中でも元気に歩く、よちよちアヒルモンスター,TRUE,ground
53,ブルーダック,special,baby,rare,5,power|create,夏の日差し卵,ピンクスワン|バッドダック,プールが大好きなアヒルモンスター,TRUE,ground
54,ピンクスワン,special,child,rare,20,heal|knowledge,ブルーダック|イエローダック,ピンクスナメリ|サマードルフィン,夏の浜辺を優雅に泳ぐ白鳥モンスター,TRUE,ground
55,スイマーダック,special,child,ultra_rare,20,power|create,イエローダック,ピンクスナメリ|マリンキャット,水泳の腕を磨いているアヒルモンスター,TRUE,ground
56,バッドダック,special,child,ultra_rare,20,power|create,ブルーダック,シャークジョー|サマードルフィン,少しやんちゃな黒いアヒルモンスター,TRUE,ground
57,ピンクスナメリ,special,adult,rare,40,heal|knowledge,ピンクスワン,サマーマーメイド,穏やかな波と一緒に遊ぶスナメリモンスター,TRUE,ground
58,サマードルフィン,special,adult,rare,40,heal|knowledge,ピンクスワン|バッドダック,夢見るクジラ,夏の海を軽やかに跳ねるイルカモンスター,TRUE,ground
59,シャークジョー,special,adult,ultra_rare,40,power|create,バッドダック,ポセイドン|夢見るクジラ,鋭い目つきで海を守るサメモンスター,TRUE,ground
60,マリンキャット,special,adult,ultra_rare,40,power|create,スイマーダック,サマーマーメイド|サーフィンキャット,海辺で気ままに過ごす猫モンスター,TRUE,ground
61,サマーマーメイド,special,final,rare,70,heal|knowledge,ピンクスナメリ,,夏の海で歌声を響かせる人魚モンスター,TRUE,ground
62,夢見るクジラ,special,final,rare,70,heal|knowledge,シャークジョー|サマードルフィン,,大きな夢を抱いて泳ぐクジラモンスター,TRUE,ground
63,ポセイドン,special,final,ultra_rare,70,power|create,シャークジョー,,海を統べる力を持つ夏イベントの守護者,TRUE,ground
64,サーフィンキャット,special,final,ultra_rare,70,power|create,マリンキャット,,波を乗りこなす陽気な猫モンスター,TRUE,ground
65,夏まつり卵,special,egg,rare,0,august_event1_start,,まつりピンクスライム|まつりブルースライム,卵に狐のお面をつけた卵、夏祭りの時期のみ現れる,TRUE,ground
66,まつりピンクスライム,special,baby,rare,5,heal|knowledge,夏まつり卵,ミニまつりフェアリー|まつりミニドラ,おかめのお面をつけたピンクスライム、ヨーヨーを持っている,TRUE,ground
67,まつりブルースライム,special,baby,rare,5,power|create,夏まつり卵,ミニまつりフェアリー|まつりミニビースト,狐のお面をつけたブルースライム、かき氷を持っている,TRUE,ground
68,ミニまつりフェアリー,special,child,rare,20,heal|knowledge,まつりピンクスライム|まつりブルースライム,盆踊りみならい|獅子舞ビースト,浴衣姿のミニフェアリー。夏祭りを楽しんでいる,TRUE,floating
69,まつりミニドラ,special,child,ultra_rare,20,power|create,まつりピンクスライム,盆踊りみならい|屋台ドラゴン,浴衣姿のミニドラ。夏祭りを楽しんでいる,TRUE,ground
70,まつりミニビースト,special,child,ultra_rare,20,power|create,まつりブルースライム,獅子舞ビースト|お面ビースト,浴衣姿のミニビースト。夏祭りを楽しんでいる,TRUE,ground
71,屋台ドラゴン,special,adult,rare,40,heal|knowledge,まつりミニドラ,祭り雷神|盆踊りマスター,夏祭りの屋台を守るドラゴン。焼きとうもろこしの香りにつられて、いつも人だかりができる,TRUE,floating
72,盆踊りみならい,special,adult,rare,40,heal|knowledge,ミニまつりフェアリー|まつりミニドラ,盆踊りマスター|花火ノカミ,盆踊りを習い始めたモンスター,TRUE,ground
73,獅子舞ビースト,special,adult,ultra_rare,40,power|create,ミニまつりフェアリー|まつりミニビースト,盆踊りマスター|花火ノカミ,獅子舞を踊れるビーストモンスター。,TRUE,ground
74,お面ビースト,special,adult,ultra_rare,40,power|create,まつりミニビースト,花火ノカミ|神輿ノオウ,たくさんのお面を集めているビーストモンスター。気分によって顔を変えるいたずら好き,TRUE,ground
75,祭り雷神,special,final,rare,70,heal|knowledge,屋台ドラゴン,,夏祭りと聞いて飛んできた雷神。太鼓で盆踊りを盛り上げてくれる,TRUE,floating
76,盆踊りマスター,special,final,rare,70,heal|knowledge,屋台ドラゴン|盆踊りみならい|獅子舞ビースト,,盆踊りをマスターしたモンスター。この時のために頑張ってきた,TRUE,ground
77,花火ノカミ,special,final,ultra_rare,70,power|create,お面ビースト|盆踊りみならい|獅子舞ビースト,,夜空に大輪の花火を咲かせる夏祭りの守り神。現れると祭りの熱気が最高潮になる,TRUE,floating
78,神輿ノオウ,special,final,ultra_rare,70,power|create,お面ビースト,,祭りの神輿と一体になった王様モンスター。力強い掛け声で仲間を奮い立たせる,TRUE,floating
79,お月見卵,special,egg,rare,0,september_event1_start,,ススキのミニウサギ|団子作りミニウサギ,月の紋様が浮かぶ、お月見の時期だけ現れる特別なたまご。満月の夜になるとほのかに光る,TRUE,ground
80,ススキのミニウサギ,special,baby,rare,5,heal|knowledge,お月見卵,月見モモンガ,ススキを抱えて月を眺める小さなウサギモンスター。月明かりの下でうとうとするのが好き,TRUE,ground
81,団子作りミニウサギ,special,baby,rare,5,power|create,お月見卵,もちもちタヌキ|星拾いキツネ,月見団子をせっせと作る小さなウサギモンスター。つまみ食いの量は企業秘密,TRUE,ground
82,月見モモンガ,special,child,rare,20,heal|knowledge,ススキのミニウサギ,月灯りフクロウ|雲渡りバク,月をもっと近くで見たいと願い、夜空を滑空できる姿になったモンスター。満月の夜はいつもより遠くまで飛べる,TRUE,flying
83,もちもちタヌキ,special,child,ultra_rare,20,power|create,団子作りミニウサギ,銀河ウサギ機関士,月見団子を食べすぎて、いつの間にか丸々としたタヌキのような姿になった。力持ちで餅つきも得意,TRUE,ground
84,星拾いキツネ,special,child,ultra_rare,20,power|create,団子作りミニウサギ,銀河ウサギ機関士|星空シカ,夜空からこぼれ落ちた星屑を集めるキツネモンスター。尻尾の先には集めた星の光が宿っている,TRUE,ground
85,月灯りフクロウ,special,adult,rare,40,heal|knowledge,月見モモンガ,月読ノ白狼,古い望遠鏡で月と星を観測するフクロウモンスター。銀河鉄道の時刻を星の並びから読み取れるらしい,TRUE,flying
86,雲渡りバク,special,adult,rare,40,heal|knowledge,月見モモンガ,夢渡リノ獏,月へ続く雲の上を歩くバクモンスター。眠る者の夢を食べ、やさしい星雲へ変えて夜空に返す,TRUE,floating
87,銀河ウサギ機関士,special,adult,ultra_rare,40,power|create,もちもちタヌキ|星拾いキツネ,銀河鉄道ノ機関長,星の駅で機関車を整備するウサギモンスター。大きなレンチと油まみれの帽子を何より大切にしている,TRUE,ground
88,星空シカ,special,adult,ultra_rare,40,power|create,星拾いキツネ,月影ノ白鹿,角の間に小さな星座を浮かべるシカモンスター。銀河を旅する者に進むべき道を示してくれる,TRUE,ground
89,月読ノ白狼,special,final,rare,70,heal|knowledge,月灯りフクロウ,,満月の光を身に宿した白狼。静かな遠吠えは迷った旅人を月夜の道へ導くという,TRUE,ground
90,夢渡リノ獏,special,final,rare,70,heal|knowledge,雲渡りバク,,夜空をゆっくり泳ぎながら夢と星雲を食べる幻想の獏。彼が通ったあとは淡い天の川が残る,TRUE,floating
91,銀河鉄道ノ機関長,special,final,ultra_rare,70,power|create,銀河ウサギ機関士,,月へ向かう銀河鉄道を動かすウサギモンスターの機関長。星屑を蒸気に変え、満月の夜だけ列車を走らせる,TRUE,ground
92,月影ノ白鹿,special,final,ultra_rare,70,power|create,星空シカ,,銀河の道を守る神秘的な白鹿。月光を宿した角が星の線路を照らし、列車を正しい旅路へ導く,TRUE,ground
