今回追加分,asset_id,current_path,category,screen,usage,recommended_w,recommended_h,,format,priority,notes,プロンプト
,bg_main_field_01,/img/background/bg_main_01.png,background,home|tasks|settings,通常画面の共通背景,1440,2560,1440*2560,png,high,SFC風の草原や村外れ。昼基調で統一,通常画面の共通背景の画像の作成をお願いします。GBA風のピクセルアート、1ピクセル単位の輪郭が見えるはっきりしたドット絵、少ない色数、硬めの陰影、記号的で読みやすい形、現代イラスト風ではなくSFC時代のヨッシーアイランドの素材のような完成度でサイズは1440*2560でSFC風の草原や村外れ。昼基調で統一の雰囲気でお願いします
,bg_tutorial_story_01,/img/background/bg_tutorial_01.png,background,tutorial|tutorial-egg,初回導線用背景,1440,2560,1440*2560,png,high,少し神秘的で柔らかい導入画面,初回導線用背景の画像の作成をお願いします。GBA風のピクセルアート、1ピクセル単位の輪郭が見えるはっきりしたドット絵、少ない色数、硬めの陰影、記号的で読みやすい形、現代イラスト風ではなくSFC時代のヨッシーアイランドの素材のような完成度でサイズは1440*2560で少し神秘的で柔らかい導入画面の雰囲気でお願いします
,bg_birth_event_01,/img/background/birth-event.png,background,birth-event,孵化イベント専用背景,1440,2560,1440*2560,png,high,卵誕生に集中できる明るい演出背景,孵化イベント専用背景の画像の作成をお願いします。GBA風のピクセルアート、1ピクセル単位の輪郭が見えるはっきりしたドット絵、少ない色数、硬めの陰影、記号的で読みやすい形、現代イラスト風ではなくSFC時代のヨッシーアイランドの素材のような完成度でサイズは1440*2560で卵誕生に集中できる明るい演出背景の雰囲気でお願いします
,bg_dex_archive_01,/img/background/dex_dex_detail.png,background,dex|dex_detail,図鑑系背景,1440,2560,1440*2560,png,medium,書庫や古文書っぽい世界観に寄せる,図鑑系背景の画像の作成をお願いします。GBA風のピクセルアート、1ピクセル単位の輪郭が見えるはっきりしたドット絵、少ない色数、硬めの陰影、記号的で読みやすい形、現代イラスト風ではなくSFC時代のヨッシーアイランドの素材のような完成度でサイズは1440*2560で書庫や古文書っぽい世界観に寄せるの雰囲気でお願いします
,bg_end_event_01,/img/background/deinner.png,background,end-event,お別れイベント背景,1440,2560,1440*2560,png,medium,少し静かで感傷的な雰囲気,お別れイベント背景の画像の作成をお願いします。GBA風のピクセルアート、1ピクセル単位の輪郭が見えるはっきりしたドット絵、少ない色数、硬めの陰影、記号的で読みやすい形、現代イラスト風ではなくSFC時代のヨッシーアイランドの素材のような完成度でサイズは1440*2560で少し静かで感傷的な雰囲気の雰囲気でお願いします
,bg_home_morning_01,/img/background/morning.png,background,home,朝ホーム差分背景,1440,2560,1440*2560,png,low,時間帯演出を強めるなら使用,朝ホーム差分背景の画像の作成をお願いします。GBA風のピクセルアート、1ピクセル単位の輪郭が見えるはっきりしたドット絵、少ない色数、硬めの陰影、記号的で読みやすい形、現代イラスト風ではなくSFC時代のヨッシーアイランドの素材のような完成度でサイズは1440*2560で時間帯演出を強めるなら使用の雰囲気でお願いします
,bg_home_night_01,/img/background/night.png,background,home,夜ホーム差分背景,1440,2560,1440*2560,png,low,時間帯演出を強めるなら使用,夜ホーム差分背景の画像の作成をお願いします。GBA風のピクセルアート、1ピクセル単位の輪郭が見えるはっきりしたドット絵、少ない色数、硬めの陰影、記号的で読みやすい形、現代イラスト風ではなくSFC時代のヨッシーアイランドの素材のような完成度でサイズは1440*2560で時間帯演出を強めるなら使用の雰囲気でお願いします
,logo_title_main_01,/img/branding/logo_title_01.png,branding,tutorial|home,ゲームロゴ,1536,1024,1536*1024,png,high,SFC RPG風タイトルロゴ,ゲームロゴの画像の作成をお願いします。GBA風のピクセルアート、1ピクセル単位の輪郭が見えるはっきりしたドット絵、少ない色数、硬めの陰影、記号的で読みやすい形、現代イラスト風ではなくSFC時代のヨッシーアイランドの素材のような完成度でサイズは1536*1024でSFC RPG風タイトルロゴの雰囲気でお願いします
,logo_title_sub_01,/img/branding/logo_title_02.png,branding,tutorial|home,ロゴ差分または短縮版,1536,1024,1536*1024,png,medium,イベントやサブ画面用の差分があると便利,ロゴ差分または短縮版の画像の作成をお願いします。GBA風のピクセルアート、1ピクセル単位の輪郭が見えるはっきりしたドット絵、少ない色数、硬めの陰影、記号的で読みやすい形、現代イラスト風ではなくSFC時代のヨッシーアイランドの素材のような完成度でサイズは1536*1024でイベントやサブ画面用の差分があると便利の雰囲気でお願いします
,panel_title_wood_01,/img/ui_frame/panel_title_01.png,ui_frame,all,画面タイトル帯,1536,630,1536*630,png,high,木板や真鍮で統一すると世界観が締まる,画面タイトル帯の画像の作成をお願いします。GBA風のピクセルアート、1ピクセル単位の輪郭が見えるはっきりしたドット絵、少ない色数、硬めの陰影、記号的で読みやすい形、現代イラスト風ではなくSFC時代のヨッシーアイランドの素材のような完成度でサイズは1536*630で木板や真鍮で統一すると世界観が締まるの雰囲気でお願いします
,panel_title_wood_long_01,/img/ui_frame/panel_title_02.png,ui_frame,all,横長タイトル帯,1536,450,1536*450,png,medium,長文タイトルやサブ見出し用,横長タイトル帯の画像の作成をお願いします。GBA風のピクセルアート、1ピクセル単位の輪郭が見えるはっきりしたドット絵、少ない色数、硬めの陰影、記号的で読みやすい形、現代イラスト風ではなくSFC時代のヨッシーアイランドの素材のような完成度でサイズは1536*450で長文タイトルやサブ見出し用の雰囲気でお願いします
,frame_window_01,/img/ui_frame/frame_card_01.png,ui_frame,home|tasks|dex|settings|letters,情報ウィンドウ枠,960,640,960*640,png,high,SFC/GBA風の会話ウィンドウ・メニュー枠,情報ウィンドウ枠の画像の作成をお願いします。GBA風のピクセルアート、1ピクセル単位の輪郭が見えるはっきりしたドット絵、少ない色数、硬めの陰影、記号的で読みやすい形、現代イラスト風ではなくSFC時代のヨッシーアイランドの素材のような完成度でサイズは960*640でSFC/GBA風の会話ウィンドウ・メニュー枠の雰囲気でお願いします
,frame_progress_01,/img/ui_frame/ui_progress_frame_01.png,ui_frame,home,EXPバー枠,720,120,720*120,png,medium,数値とバーが見やすいピクセル枠,EXPバー枠の画像の作成をお願いします。GBA風のピクセルアート、1ピクセル単位の輪郭が見えるはっきりしたドット絵、少ない色数、硬めの陰影、記号的で読みやすい形、現代イラスト風ではなくSFC時代のヨッシーアイランドの素材のような完成度でサイズは720*120で数値とバーが見やすいピクセル枠の雰囲気でお願いします
,frame_attr_power_01,/img/ui_frame/ui_attr_bar_frame_06.png,ui_frame,home,Power属性バー枠,1510,150,1510*150,png,medium,4属性のフレームトーンを揃える,Power属性バー枠の画像の作成をお願いします。GBA風のピクセルアート、1ピクセル単位の輪郭が見えるはっきりしたドット絵、少ない色数、硬めの陰影、記号的で読みやすい形、現代イラスト風ではなくSFC時代のヨッシーアイランドの素材のような完成度でサイズは1510*150で4属性のフレームトーンを揃えるの雰囲気でお願いします
,frame_attr_heal_01,/img/ui_frame/ui_attr_bar_frame_07.png,ui_frame,home,Heal属性バー枠,1510,150,1510*150,png,medium,4属性のフレームトーンを揃える,Heal属性バー枠の画像の作成をお願いします。GBA風のピクセルアート、1ピクセル単位の輪郭が見えるはっきりしたドット絵、少ない色数、硬めの陰影、記号的で読みやすい形、現代イラスト風ではなくSFC時代のヨッシーアイランドの素材のような完成度でサイズは1510*150で4属性のフレームトーンを揃えるの雰囲気でお願いします。バー部分は空の状態でお願いします
,frame_attr_knowledge_01,/img/ui_frame/ui_attr_bar_frame_08.png,ui_frame,home,Knowledge属性バー枠,1510,150,1510*150,png,medium,4属性のフレームトーンを揃える,Knowledge属性バー枠の画像の作成をお願いします。GBA風のピクセルアート、1ピクセル単位の輪郭が見えるはっきりしたドット絵、少ない色数、硬めの陰影、記号的で読みやすい形、現代イラスト風ではなくSFC時代のヨッシーアイランドの素材のような完成度でサイズは1510*150で4属性のフレームトーンを揃えるの雰囲気でお願いします。バー部分は空の状態でお願いします
,frame_attr_create_01,/img/ui_frame/ui_attr_bar_frame_09.png,ui_frame,home,Create属性バー枠,1510,150,1510*150,png,medium,4属性のフレームトーンを揃える,Create属性バー枠の画像の作成をお願いします。GBA風のピクセルアート、1ピクセル単位の輪郭が見えるはっきりしたドット絵、少ない色数、硬めの陰影、記号的で読みやすい形、現代イラスト風ではなくSFC時代のヨッシーアイランドの素材のような完成度でサイズは1510*150で4属性のフレームトーンを揃えるの雰囲気でお願いします。バー部分は空の状態でお願いします
,btn_primary_rpg_01,/img/button/button_bluestart.png,button,all,主要アクションボタン,360,120,360*120,png,high,開始・NEXT・決定など共通利用,主要アクションボタンの画像の作成をお願いします。GBA風のピクセルアート、1ピクセル単位の輪郭が見えるはっきりしたドット絵、少ない色数、硬めの陰影、記号的で読みやすい形、現代イラスト風ではなくSFC時代のヨッシーアイランドの素材のような完成度でサイズは360*120で開始・NEXT・決定など共通利用の雰囲気でお願いします
,btn_secondary_rpg_01,/img/button/btn_secondary_02.png,button,all,戻る・設定用サブボタン,360,120,360*120,png,high,主要ボタンと同系統で色違い推奨,戻る・設定用サブボタンの画像の作成をお願いします。GBA風のピクセルアート、1ピクセル単位の輪郭が見えるはっきりしたドット絵、少ない色数、硬めの陰影、記号的で読みやすい形、現代イラスト風ではなくSFC時代のヨッシーアイランドの素材のような完成度でサイズは360*120で主要ボタンと同系統で色違い推奨の雰囲気でお願いします
,btn_secondary_rpg_02,/img/button/btn_secondary_03.png,button,settings|task-settings,補助操作ボタン,360,120,360*120,png,medium,削除や別導線など用途分け用,補助操作ボタンの画像の作成をお願いします。GBA風のピクセルアート、1ピクセル単位の輪郭が見えるはっきりしたドット絵、少ない色数、硬めの陰影、記号的で読みやすい形、現代イラスト風ではなくSFC時代のヨッシーアイランドの素材のような完成度でサイズは360*120で削除や別導線など用途分け用の雰囲気でお願いします
,tab_home_01,/img/tab/tab_icon_home_01.png,tab,all(下タブ),ホームアイコン,140,140,140*140,png,high,4タブの線幅と彩度を統一,ホームアイコンの画像の作成をお願いします。GBA風のピクセルアート、1ピクセル単位の輪郭が見えるはっきりしたドット絵、少ない色数、硬めの陰影、記号的で読みやすい形、現代イラスト風ではなくSFC時代のヨッシーアイランドの素材のような完成度でサイズは140*140で4タブの線幅と彩度を統一の雰囲気でお願いします
,tab_tasks_01,/img/tab/tab_icon_tasks_01.png,tab,all(下タブ),タスクアイコン,140,140,140*140,png,high,4タブの線幅と彩度を統一,タスクアイコンの画像の作成をお願いします。GBA風のピクセルアート、1ピクセル単位の輪郭が見えるはっきりしたドット絵、少ない色数、硬めの陰影、記号的で読みやすい形、現代イラスト風ではなくSFC時代のヨッシーアイランドの素材のような完成度でサイズは140*140で4タブの線幅と彩度を統一の雰囲気でお願いします
,tab_dex_01,/img/tab/tab_icon_dex_01.png,tab,all(下タブ),図鑑アイコン,140,140,140*140,png,high,4タブの線幅と彩度を統一,図鑑アイコンの画像の作成をお願いします。GBA風のピクセルアート、1ピクセル単位の輪郭が見えるはっきりしたドット絵、少ない色数、硬めの陰影、記号的で読みやすい形、現代イラスト風ではなくSFC時代のヨッシーアイランドの素材のような完成度でサイズは140*140で4タブの線幅と彩度を統一の雰囲気でお願いします
,tab_settings_01,/img/tab/tab_icon_settings_01.png,tab,all(下タブ),設定アイコン,140,140,140*140,png,high,4タブの線幅と彩度を統一,設定アイコンの画像の作成をお願いします。GBA風のピクセルアート、1ピクセル単位の輪郭が見えるはっきりしたドット絵、少ない色数、硬めの陰影、記号的で読みやすい形、現代イラスト風ではなくSFC時代のヨッシーアイランドの素材のような完成度でサイズは140*140で4タブの線幅と彩度を統一の雰囲気でお願いします
,icon_attr_power_01,/img/icon/icon_power_01.png,icon,home|tasks,Power属性アイコン,160,160,160*160,png,high,4属性で同じタッチに統一,Power属性アイコンの画像の作成をお願いします。GBA風のピクセルアート、1ピクセル単位の輪郭が見えるはっきりしたドット絵、少ない色数、硬めの陰影、記号的で読みやすい形、現代イラスト風ではなくSFC時代のヨッシーアイランドの素材のような完成度でサイズは160*160で4属性で同じタッチに統一の雰囲気でお願いします
,icon_attr_heal_01,/img/icon/icon_heal_01.png,icon,home|tasks,Heal属性アイコン,160,160,160*160,png,high,4属性で同じタッチに統一,Heal属性アイコンの画像の作成をお願いします。GBA風のピクセルアート、1ピクセル単位の輪郭が見えるはっきりしたドット絵、少ない色数、硬めの陰影、記号的で読みやすい形、現代イラスト風ではなくSFC時代のヨッシーアイランドの素材のような完成度でサイズは160*160で4属性で同じタッチに統一の雰囲気でお願いします
,icon_attr_knowledge_01,/img/icon/icon_knowledge_01.png,icon,home|tasks,Knowledge属性アイコン,160,160,160*160,png,high,4属性で同じタッチに統一,Knowledge属性アイコンの画像の作成をお願いします。GBA風のピクセルアート、1ピクセル単位の輪郭が見えるはっきりしたドット絵、少ない色数、硬めの陰影、記号的で読みやすい形、現代イラスト風ではなくSFC時代のヨッシーアイランドの素材のような完成度でサイズは160*160で4属性で同じタッチに統一の雰囲気でお願いします
,icon_attr_create_01,/img/icon/icon_create_01.png,icon,home|tasks,Create属性アイコン,160,160,160*160,png,high,4属性で同じタッチに統一,Create属性アイコンの画像の作成をお願いします。GBA風のピクセルアート、1ピクセル単位の輪郭が見えるはっきりしたドット絵、少ない色数、硬めの陰影、記号的で読みやすい形、現代イラスト風ではなくSFC時代のヨッシーアイランドの素材のような完成度でサイズは160*160で4属性で同じタッチに統一の雰囲気でお願いします
,icon_quest_task_01,/img/icon/icon_egg_01.png,icon,home|tasks,クエスト行頭アイコン,160,160,160*160,png,medium,タスク,クエスト行頭アイコンの画像の作成をお願いします。GBA風のピクセルアート、1ピクセル単位の輪郭が見えるはっきりしたドット絵、少ない色数、硬めの陰影、記号的で読みやすい形、現代イラスト風ではなくSFC時代のヨッシーアイランドの素材のような完成度でサイズは160*160でタスクの雰囲気でお願いします
,icon_quest_reward_01,/img/icon/icon_quest_reward_01.png,icon,home|tasks,クエスト行頭アイコン,160,160,160*160,png,medium,勲章の物品,クエスト行頭アイコンの画像の作成をお願いします。GBA風のピクセルアート、1ピクセル単位の輪郭が見えるはっきりしたドット絵、少ない色数、硬めの陰影、記号的で読みやすい形、現代イラスト風ではなくSFC時代のヨッシーアイランドの素材のような完成度でサイズは160*160で勲章の物品の雰囲気でお願いします
,icon_quest_reward_02,/img/icon/icon_quest_reward_01.png,icon,home|tasks,クエスト行頭アイコン,160,160,160*160,png,medium,勲章バッチ,クエスト行頭アイコンの画像の作成をお願いします。GBA風のピクセルアート、1ピクセル単位の輪郭が見えるはっきりしたドット絵、少ない色数、硬めの陰影、記号的で読みやすい形、現代イラスト風ではなくSFC時代のヨッシーアイランドの素材のような完成度でサイズは160*160で勲章バッチの雰囲気でお願いします
,monster_egg_01,/img/monster/1_egg.png,monster,tutorial-egg|birth-event|home|dex_detail,卵本体,1024,1024,1024*1024,png,high,全イベントの基準になるので最優先,卵本体の画像の作成をお願いします。GBA風のピクセルアート、1ピクセル単位の輪郭が見えるはっきりしたドット絵、少ない色数、硬めの陰影、記号的で読みやすい形、現代イラスト風ではなくSFC時代のヨッシーアイランドの素材のような完成度でサイズは1024*1024で全イベントの基準になるので最優先の雰囲気でお願いします
,monster_baby_heal_01,/img/monster/2_pinkslime.png,monster,home|dex|events,ピンクスライム,1024,1024,1024*1024,png,high,baby群は同じ縮尺と影で統一,ピンクスライムの画像の作成をお願いします。GBA風のピクセルアート、1ピクセル単位の輪郭が見えるはっきりしたドット絵、少ない色数、硬めの陰影、記号的で読みやすい形、現代イラスト風ではなくSFC時代のヨッシーアイランドの素材のような完成度でサイズは1024*1024でbaby群は同じ縮尺と影で統一の雰囲気でお願いします
,monster_baby_power_01,/img/monster/3_blueslime.png,monster,home|dex|events,ブルースライム,1024,1024,1024*1024,png,high,baby群は同じ縮尺と影で統一,ブルースライムの画像の作成をお願いします。GBA風のピクセルアート、1ピクセル単位の輪郭が見えるはっきりしたドット絵、少ない色数、硬めの陰影、記号的で読みやすい形、現代イラスト風ではなくSFC時代のヨッシーアイランドの素材のような完成度でサイズは1024*1024でbaby群は同じ縮尺と影で統一の雰囲気でお願いします
,monster_baby_knowledge_01,/img/monster/4_greenslime.png,monster,home|dex|events,グリーンスライム,1024,1024,1024*1024,png,high,baby群は同じ縮尺と影で統一,グリーンスライムの画像の作成をお願いします。GBA風のピクセルアート、1ピクセル単位の輪郭が見えるはっきりしたドット絵、少ない色数、硬めの陰影、記号的で読みやすい形、現代イラスト風ではなくSFC時代のヨッシーアイランドの素材のような完成度でサイズは1024*1024でbaby群は同じ縮尺と影で統一の雰囲気でお願いします
,monster_baby_create_01,/img/monster/5_purpleslime.png,monster,home|dex|events,パープルスライム,1024,1024,1024*1024,png,high,baby群は同じ縮尺と影で統一,パープルスライムの画像の作成をお願いします。GBA風のピクセルアート、1ピクセル単位の輪郭が見えるはっきりしたドット絵、少ない色数、硬めの陰影、記号的で読みやすい形、現代イラスト風ではなくSFC時代のヨッシーアイランドの素材のような完成度でサイズは1024*1024でbaby群は同じ縮尺と影で統一の雰囲気でお願いします
,monster_child_set_01,,monster,home|dex|events,ミニフェアリー,1024,1024,1024*1024,png,medium,6-9番を同一タッチで揃える,child段階モンスターのミニフェアリーの画像の作成をお願いします。GBA風のピクセルアート、1ピクセル単位の輪郭が見えるはっきりしたドット絵、少ない色数、硬めの陰影、記号的で読みやすい形、現代イラスト風ではなくSFC時代のヨッシーアイランドの素材のような完成度でサイズは1024*1024で6-9番を同一タッチで揃えるの雰囲気でお願いします
,monster_child_set_02,,monster,home|dex|events,プチドラ,1024,1024,1024*1024,png,medium,6-9番を同一タッチで揃える,child段階モンスターのプチドラの画像の作成をお願いします。GBA風のピクセルアート、1ピクセル単位の輪郭が見えるはっきりしたドット絵、少ない色数、硬めの陰影、記号的で読みやすい形、現代イラスト風ではなくSFC時代のヨッシーアイランドの素材のような完成度でサイズは1024*1024で6-9番を同一タッチで揃えるの雰囲気でお願いします
,monster_child_set_03,,monster,home|dex|events,プチビースト,1024,1024,1024*1024,png,medium,6-9番を同一タッチで揃える,child段階モンスターのプチビーストの画像の作成をお願いします。GBA風のピクセルアート、1ピクセル単位の輪郭が見えるはっきりしたドット絵、少ない色数、硬めの陰影、記号的で読みやすい形、現代イラスト風ではなくSFC時代のヨッシーアイランドの素材のような完成度でサイズは1024*1024で6-9番を同一タッチで揃えるの雰囲気でお願いします
,monster_child_set_04,,monster,home|dex|events,ミニスピリット,1024,1024,1024*1024,png,medium,adult段階モンスターは同一タッチで揃える,child段階モンスターのミニスピリットの画像の作成をお願いします。GBA風のピクセルアート、1ピクセル単位の輪郭が見えるはっきりしたドット絵、少ない色数、硬めの陰影、記号的で読みやすい形、現代イラスト風ではなくSFC時代のヨッシーアイランドの素材のような完成度でサイズは1024*1024でadult段階モンスターは同一タッチで揃えるの雰囲気でお願いします
,monster_adult_set_01,,monster,home|dex|events,アークフェアリー,1024,1024,1024*1024,png,medium,adult段階モンスターは同一タッチで揃える,adult段階モンスターのアークフェアリーの画像の作成をお願いします。GBA風のピクセルアート、1ピクセル単位の輪郭が見えるはっきりしたドット絵、少ない色数、硬めの陰影、記号的で読みやすい形、現代イラスト風ではなくSFC時代のヨッシーアイランドの素材のような完成度でサイズは1024*1024でadult段階モンスターは同一タッチで揃えるの雰囲気でお願いします
,monster_adult_set_02,,monster,home|dex|events,ドラゴン,1024,1024,1024*1024,png,medium,adult段階モンスターは同一タッチで揃える,adult段階モンスターのドラゴンの画像の作成をお願いします。GBA風のピクセルアート、1ピクセル単位の輪郭が見えるはっきりしたドット絵、少ない色数、硬めの陰影、記号的で読みやすい形、現代イラスト風ではなくSFC時代のヨッシーアイランドの素材のような完成度でサイズは1024*1024でadult段階モンスターは同一タッチで揃えるの雰囲気でお願いします
,monster_adult_set_03,,monster,home|dex|events,ウィザードビースト,1024,1024,1024*1024,png,medium,adult段階モンスターは同一タッチで揃える,adult段階モンスターのウィザードビーストの画像の作成をお願いします。GBA風のピクセルアート、1ピクセル単位の輪郭が見えるはっきりしたドット絵、少ない色数、硬めの陰影、記号的で読みやすい形、現代イラスト風ではなくSFC時代のヨッシーアイランドの素材のような完成度でサイズは1024*1024でadult段階モンスターは同一タッチで揃えるの雰囲気でお願いします
,monster_adult_set_04,,monster,home|dex|events,アートゴーレム,1024,1024,1024*1024,png,medium,adult段階モンスターは同一タッチで揃える,adult段階モンスターのアートゴーレムの画像の作成をお願いします。GBA風のピクセルアート、1ピクセル単位の輪郭が見えるはっきりしたドット絵、少ない色数、硬めの陰影、記号的で読みやすい形、現代イラスト風ではなくSFC時代のヨッシーアイランドの素材のような完成度でサイズは1024*1024でadult段階モンスターは同一タッチで揃えるの雰囲気でお願いします
,monster_final_set_01,,monster,home|dex|events,セラフィム,1024,1024,1024*1024,png,medium,final段階モンスターは同一タッチで揃える,final段階モンスターのセラフィムの画像の作成をお願いします。GBA風のピクセルアート、1ピクセル単位の輪郭が見えるはっきりしたドット絵、少ない色数、硬めの陰影、記号的で読みやすい形、現代イラスト風ではなくSFC時代のヨッシーアイランドの素材のような完成度でサイズは1024*1024でfinal段階モンスターは同一タッチで揃えるの雰囲気でお願いします
,monster_final_set_02,,monster,home|dex|end-event,アークドラゴン,1024,1024,1024*1024,png,medium,final段階モンスターは同一タッチで揃える,final段階モンスターのアークドラゴンの画像の作成をお願いします。GBA風のピクセルアート、1ピクセル単位の輪郭が見えるはっきりしたドット絵、少ない色数、硬めの陰影、記号的で読みやすい形、現代イラスト風ではなくSFC時代のヨッシーアイランドの素材のような完成度でサイズは1024*1024でfinal段階モンスターは同一タッチで揃えるの雰囲気でお願いします
,monster_final_set_03,,monster,home|dex|events,アークメイジ,1024,1024,1024*1024,png,medium,final段階モンスターは同一タッチで揃える,final段階モンスターのアークメイジの画像の作成をお願いします。GBA風のピクセルアート、1ピクセル単位の輪郭が見えるはっきりしたドット絵、少ない色数、硬めの陰影、記号的で読みやすい形、現代イラスト風ではなくSFC時代のヨッシーアイランドの素材のような完成度でサイズは1024*1024でfinal段階モンスターは同一タッチで揃えるの雰囲気でお願いします
,monster_final_set_04,,monster,home|dex|end-event,クリエイター,1024,1024,1024*1024,png,medium,final段階モンスターは同一タッチで揃える,final段階モンスターのクリエイターの画像の作成をお願いします。GBA風のピクセルアート、1ピクセル単位の輪郭が見えるはっきりしたドット絵、少ない色数、硬めの陰影、記号的で読みやすい形、現代イラスト風ではなくSFC時代のヨッシーアイランドの素材のような完成度でサイズは1024*1024でfinal段階モンスターは同一タッチで揃えるの雰囲気でお願いします
,badge_stage_egg_01,/img/badge/stage_badge_egg.png,badge,home|dex_detail,成長段階バッジ egg,320,220,320*220,png,medium,5段階で意匠統一,"成長段階はegg,baby,child,adult,finalがありますが、成長段階バッジ eggの画像の作成をお願いします。GBA風のピクセルアート、1ピクセル単位の輪郭が見えるはっきりしたドット絵、少ない色数、硬めの陰影、記号的で読みやすい形、現代イラスト風ではなくSFC時代のヨッシーアイランドの素材のような完成度でサイズは320*220で5段階で意匠統一の雰囲気でお願いします"
,badge_stage_baby_01,/img/badge/stage_badge_baby.png,badge,home|dex_detail,成長段階バッジ baby,320,220,320*220,png,medium,5段階で意匠統一,"成長段階はegg,baby,child,adult,finalがありますが、成長段階バッジ babyの画像の作成をお願いします。GBA風のピクセルアート、1ピクセル単位の輪郭が見えるはっきりしたドット絵、少ない色数、硬めの陰影、記号的で読みやすい形、現代イラスト風ではなくSFC時代のヨッシーアイランドの素材のような完成度でサイズは320*220で5段階で意匠統一の雰囲気でお願いします"
,badge_stage_child_01,/img/badge/stage_badge_child.png,badge,home|dex_detail,成長段階バッジ child,320,220,320*220,png,medium,5段階で意匠統一,"成長段階はegg,baby,child,adult,finalがありますが、成長段階バッジ childの画像の作成をお願いします。GBA風のピクセルアート、1ピクセル単位の輪郭が見えるはっきりしたドット絵、少ない色数、硬めの陰影、記号的で読みやすい形、現代イラスト風ではなくSFC時代のヨッシーアイランドの素材のような完成度でサイズは320*220で5段階で意匠統一の雰囲気でお願いします"
,badge_stage_adult_01,/img/badge/stage_badge_adult.png,badge,home|dex_detail,成長段階バッジ adult,320,220,320*220,png,medium,5段階で意匠統一,"成長段階はegg,baby,child,adult,finalがありますが、成長段階バッジ adultの画像の作成をお願いします。GBA風のピクセルアート、1ピクセル単位の輪郭が見えるはっきりしたドット絵、少ない色数、硬めの陰影、記号的で読みやすい形、現代イラスト風ではなくSFC時代のヨッシーアイランドの素材のような完成度でサイズは320*220で5段階で意匠統一の雰囲気でお願いします"
,badge_stage_final_01,/img/badge/stage_badge_final.png,badge,home|dex_detail,成長段階バッジ final,320,220,320*220,png,medium,5段階で意匠統一,"成長段階はegg,baby,child,adult,finalがありますが、成長段階バッジ finalの画像の作成をお願いします。GBA風のピクセルアート、1ピクセル単位の輪郭が見えるはっきりしたドット絵、少ない色数、硬めの陰影、記号的で読みやすい形、現代イラスト風ではなくSFC時代のヨッシーアイランドの素材のような完成度でサイズは320*220で5段階で意匠統一の雰囲気でお願いします"
,badge_rarity_set_01,/img/badge/rarity_badge_common.png ほか,badge,dex|dex_detail,レアリティバッジ「common」,460,120,460*120,png,medium,common,レアリティバッジ「common」の画像の作成をお願いします。GBA風のピクセルアート、1ピクセル単位の輪郭が見えるはっきりしたドット絵、少ない色数、硬めの陰影、記号的で読みやすい形、現代イラスト風ではなくSFC時代のヨッシーアイランドの素材のような完成度でサイズは460*120でcommonの雰囲気でお願いします
,badge_rarity_set_02,,badge,dex|dex_detail,レアリティバッジ「normal」,460,120,460*120,png,medium,normal,レアリティバッジ「normal」の画像の作成をお願いします。GBA風のピクセルアート、1ピクセル単位の輪郭が見えるはっきりしたドット絵、少ない色数、硬めの陰影、記号的で読みやすい形、現代イラスト風ではなくSFC時代のヨッシーアイランドの素材のような完成度でサイズは460*120でnormalの雰囲気でお願いします
,badge_rarity_set_03,,badge,dex|dex_detail,レアリティバッジ「rare」,460,120,460*120,png,medium,rare,レアリティバッジ「rare」の画像の作成をお願いします。GBA風のピクセルアート、1ピクセル単位の輪郭が見えるはっきりしたドット絵、少ない色数、硬めの陰影、記号的で読みやすい形、現代イラスト風ではなくSFC時代のヨッシーアイランドの素材のような完成度でサイズは460*120でrareの雰囲気でお願いします
,badge_rarity_set_04,,badge,dex|dex_detail,レアリティバッジ「ultra」,460,120,460*120,png,medium,ultra,レアリティバッジ「ultra」の画像の作成をお願いします。GBA風のピクセルアート、1ピクセル単位の輪郭が見えるはっきりしたドット絵、少ない色数、硬めの陰影、記号的で読みやすい形、現代イラスト風ではなくSFC時代のヨッシーアイランドの素材のような完成度でサイズは460*120でultraの雰囲気でお願いします
,fx_smoke_01,/img/effect/effect_smoke_01.png,effect,birth-event|evolution|end-event,煙エフェクト,512,512,512*512,png,high,透過で使いやすい発光寄りの煙,煙エフェクトの画像の作成をお願いします。GBA風のピクセルアート、1ピクセル単位の輪郭が見えるはっきりしたドット絵、少ない色数、硬めの陰影、記号的で読みやすい形、現代イラスト風ではなくSFC時代のヨッシーアイランドの素材のような完成度でサイズは512*512で透過で使いやすい発光寄りの煙の雰囲気でお願いします
,fx_star_set_01,/img/effect/effect_star_01.png ほか,effect,evolution|tasks|birth-event,星エフェクト4種,256,256,256*256,png,medium,光り方を同系統に揃える,星エフェクト4種の画像の作成をお願いします。GBA風のピクセルアート、1ピクセル単位の輪郭が見えるはっきりしたドット絵、少ない色数、硬めの陰影、記号的で読みやすい形、現代イラスト風ではなくSFC時代のヨッシーアイランドの素材のような完成度でサイズは256*256で光り方を同系統に揃えるの雰囲気でお願いします
,fx_star_set_02,/img/effect/effect_star_01.png ほか,effect,evolution|tasks|birth-event,星エフェクト4種,256,256,256*256,png,medium,光り方を同系統に揃える,星エフェクト4種の画像の作成をお願いします。GBA風のピクセルアート、1ピクセル単位の輪郭が見えるはっきりしたドット絵、少ない色数、硬めの陰影、記号的で読みやすい形、現代イラスト風ではなくSFC時代のヨッシーアイランドの素材のような完成度でサイズは256*256で光り方を同系統に揃えるの雰囲気でお願いします
,fx_star_set_03,/img/effect/effect_star_01.png ほか,effect,evolution|tasks|birth-event,星エフェクト4種,256,256,256*256,png,medium,光り方を同系統に揃える,星エフェクト4種の画像の作成をお願いします。GBA風のピクセルアート、1ピクセル単位の輪郭が見えるはっきりしたドット絵、少ない色数、硬めの陰影、記号的で読みやすい形、現代イラスト風ではなくSFC時代のヨッシーアイランドの素材のような完成度でサイズは256*256で光り方を同系統に揃えるの雰囲気でお願いします
,fx_star_set_04,/img/effect/effect_star_01.png ほか,effect,evolution|tasks|birth-event,星エフェクト4種,256,256,256*256,png,medium,光り方を同系統に揃える,星エフェクト4種の画像の作成をお願いします。GBA風のピクセルアート、1ピクセル単位の輪郭が見えるはっきりしたドット絵、少ない色数、硬めの陰影、記号的で読みやすい形、現代イラスト風ではなくSFC時代のヨッシーアイランドの素材のような完成度でサイズは256*256で光り方を同系統に揃えるの雰囲気でお願いします
,fx_exp_pop_01,/img/effect/effect_exp_pop_01.png,effect,tasks|home,EXP獲得演出,512,192,512*192,png,medium,UI寄りのポップアップ演出,EXP獲得演出の画像の作成をお願いします。GBA風のピクセルアート、1ピクセル単位の輪郭が見えるはっきりしたドット絵、少ない色数、硬めの陰影、記号的で読みやすい形、現代イラスト風ではなくSFC時代のヨッシーアイランドの素材のような完成度でサイズは512*192でUI寄りのポップアップ演出の雰囲気でお願いします
,ui_hatch_symbol_01,/img/ui/ui_egg_symbol_01.png,ui,birth-event,孵化演出用タマゴ記号,512,512,512*512,png,medium,卵本体と別役割なら演出特化でOK,孵化演出用タマゴ記号の画像の作成をお願いします。GBA風のピクセルアート、1ピクセル単位の輪郭が見えるはっきりしたドット絵、少ない色数、硬めの陰影、記号的で読みやすい形、現代イラスト風ではなくSFC時代のヨッシーアイランドの素材のような完成度でサイズは512*512で卵本体と別役割なら演出特化でOKの雰囲気でお願いします
,ui_shadow_fallback_01,/img/ui/ui_shadow_01.png,ui,dex|fallback,未取得モンスターや画像欠損用,512,512,512*512,png,low,差し替え時の保険,未取得モンスターや画像欠損用の画像の作成をお願いします。GBA風のピクセルアート、1ピクセル単位の輪郭が見えるはっきりしたドット絵、少ない色数、硬めの陰影、記号的で読みやすい形、現代イラスト風ではなくSFC時代のヨッシーアイランドの素材のような完成度でサイズは512*512で差し替え時の保険の雰囲気でお願いします
,illust_empty_tasks_01,/img/illustration/empty_state_quests_01.png,illustration,home|tasks,タスク0件時イラスト,720,360,720*360,png,low,世界観に合うなら残す,タスク0件時イラストの画像の作成をお願いします。GBA風のピクセルアート、1ピクセル単位の輪郭が見えるはっきりしたドット絵、少ない色数、硬めの陰影、記号的で読みやすい形、現代イラスト風ではなくSFC時代のヨッシーアイランドの素材のような完成度でサイズは720*360で世界観に合うなら残すの雰囲気でお願いします
,letter_item_01,/img/letter/letter_item_01.png ほか,item,end-event|letters,手紙画像7種,1024,1024,1024*1024,png,medium,差分を増やすなら同じテンプレで色替えでも可,手紙画像7種の画像の作成をお願いします。GBA風のピクセルアート、1ピクセル単位の輪郭が見えるはっきりしたドット絵、少ない色数、硬めの陰影、記号的で読みやすい形、現代イラスト風ではなくSFC時代のヨッシーアイランドの素材のような完成度でサイズは1024*1024で差分を増やすなら同じテンプレで色替えでも可の雰囲気でお願いします
,letter_item_02,/img/letter/letter_item_01.png ほか,item,end-event|letters,手紙画像7種,1024,1024,1024*1024,png,medium,差分を増やすなら同じテンプレで色替えでも可,手紙画像7種の画像の作成をお願いします。GBA風のピクセルアート、1ピクセル単位の輪郭が見えるはっきりしたドット絵、少ない色数、硬めの陰影、記号的で読みやすい形、現代イラスト風ではなくSFC時代のヨッシーアイランドの素材のような完成度でサイズは1024*1024で差分を増やすなら同じテンプレで色替えでも可の雰囲気でお願いします
,letter_item_03,/img/letter/letter_item_01.png ほか,item,end-event|letters,手紙画像7種,1024,1024,1024*1024,png,medium,差分を増やすなら同じテンプレで色替えでも可,手紙画像7種の画像の作成をお願いします。GBA風のピクセルアート、1ピクセル単位の輪郭が見えるはっきりしたドット絵、少ない色数、硬めの陰影、記号的で読みやすい形、現代イラスト風ではなくSFC時代のヨッシーアイランドの素材のような完成度でサイズは1024*1024で差分を増やすなら同じテンプレで色替えでも可の雰囲気でお願いします
,letter_item_04,/img/letter/letter_item_01.png ほか,item,end-event|letters,手紙画像7種,1024,1024,1024*1024,png,medium,差分を増やすなら同じテンプレで色替えでも可,手紙画像7種の画像の作成をお願いします。GBA風のピクセルアート、1ピクセル単位の輪郭が見えるはっきりしたドット絵、少ない色数、硬めの陰影、記号的で読みやすい形、現代イラスト風ではなくSFC時代のヨッシーアイランドの素材のような完成度でサイズは1024*1024で差分を増やすなら同じテンプレで色替えでも可の雰囲気でお願いします
,letter_item_05,/img/letter/letter_item_01.png ほか,item,end-event|letters,手紙画像7種,1024,1024,1024*1024,png,medium,差分を増やすなら同じテンプレで色替えでも可,手紙画像7種の画像の作成をお願いします。GBA風のピクセルアート、1ピクセル単位の輪郭が見えるはっきりしたドット絵、少ない色数、硬めの陰影、記号的で読みやすい形、現代イラスト風ではなくSFC時代のヨッシーアイランドの素材のような完成度でサイズは1024*1024で差分を増やすなら同じテンプレで色替えでも可の雰囲気でお願いします
,letter_item_06,/img/letter/letter_item_01.png ほか,item,end-event|letters,手紙画像7種,1024,1024,1024*1024,png,medium,差分を増やすなら同じテンプレで色替えでも可,手紙画像7種の画像の作成をお願いします。GBA風のピクセルアート、1ピクセル単位の輪郭が見えるはっきりしたドット絵、少ない色数、硬めの陰影、記号的で読みやすい形、現代イラスト風ではなくSFC時代のヨッシーアイランドの素材のような完成度でサイズは1024*1024で差分を増やすなら同じテンプレで色替えでも可の雰囲気でお願いします
,letter_item_07,/img/letter/letter_item_01.png ほか,item,end-event|letters,手紙画像7種,1024,1024,1024*1024,png,medium,差分を増やすなら同じテンプレで色替えでも可,手紙画像7種の画像の作成をお願いします。GBA風のピクセルアート、1ピクセル単位の輪郭が見えるはっきりしたドット絵、少ない色数、硬めの陰影、記号的で読みやすい形、現代イラスト風ではなくSFC時代のヨッシーアイランドの素材のような完成度でサイズは1024*1024で差分を増やすなら同じテンプレで色替えでも可の雰囲気でお願いします
,monster_baby_gold__01,/img/monster/monster_baby_gold__01.png,monster,home|dex|events,ゴールデンスライム,1024,1024,1024*1024,png,medium,幸運を運ぶと言われる黄金のスライム,baby段階モンスターのゴールデンスライムの画像の作成をお願いします。GBA風のピクセルアート、1ピクセル単位の輪郭が見えるはっきりしたドット絵、少ない色数、硬めの陰影、記号的で読みやすい形、現代イラスト風ではなくSFC時代のヨッシーアイランドの素材のような完成度でサイズは1024*1024で幸運を運ぶと言われる黄金のスライムの雰囲気でお願いします
,monster_child_gold__02,/img/monster/monster_child_gold__02.png,monster,home|dex|events,ゴールデンプチドラゴン,1024,1024,1024*1024,png,medium,幸運を運ぶと言われる黄金のプチドラゴン,child段階モンスターのゴールデンプチドラゴンの画像の作成をお願いします。GBA風のピクセルアート、1ピクセル単位の輪郭が見えるはっきりしたドット絵、少ない色数、硬めの陰影、記号的で読みやすい形、現代イラスト風ではなくSFC時代のヨッシーアイランドの素材のような完成度でサイズは1024*1024で幸運を運ぶと言われる黄金のプチドラゴンの雰囲気でお願いします
,monster_adult_gold__03,/img/monster/monster_adult_gold__03.png,monster,home|dex|events,ゴールドドラゴン,1024,1024,1024*1024,png,medium,富と幸運の象徴とされる伝説のドラゴン,adult段階モンスターのゴールドドラゴンの画像の作成をお願いします。GBA風のピクセルアート、1ピクセル単位の輪郭が見えるはっきりしたドット絵、少ない色数、硬めの陰影、記号的で読みやすい形、現代イラスト風ではなくSFC時代のヨッシーアイランドの素材のような完成度でサイズは1024*1024で富と幸運の象徴とされる伝説のドラゴンの雰囲気でお願いします
,monster_final_night__04,/img/monster/monster_final_night__04.png,monster,home|dex|events,シャドウスピリット,1024,1024,1024*1024,png,medium,夜の静けさから生まれた神秘の精霊,final段階モンスターのシャドウスピリットの画像の作成をお願いします。GBA風のピクセルアート、1ピクセル単位の輪郭が見えるはっきりしたドット絵、少ない色数、硬めの陰影、記号的で読みやすい形、現代イラスト風ではなくSFC時代のヨッシーアイランドの素材のような完成度でサイズは1024*1024で夜の静けさから生まれた神秘の精霊の雰囲気でお願いします
,icon_notification_01,/img/icon/icon_notification_01.png,icon,home|notifications,ホーム右上のおしらせ導線アイコン,256,256,256*256,png,medium,通知ボタンの視認性を上げるベルや封筒モチーフ,ホーム右上のおしらせ導線アイコンの画像の作成をお願いします。GBA風のピクセルアート、1ピクセル単位の輪郭が見えるはっきりしたドット絵、少ない色数、硬めの陰影、記号的で読みやすい形、現代イラスト風ではなくSFC時代のヨッシーアイランドの素材のような完成度でサイズは256*256でベルか封筒をモチーフにした通知アイコンの雰囲気でお願いします
,bg_spring_meadow_01,/img/background/bg_spring_meadow_01.png,background,shop|inventory|home,春イベント用の明るい花畑背景,1440,2560,1440*2560,png,high,桜と若草が揺れる春イベント背景,春イベント用の明るい花畑背景の画像の作成をお願いします。GBA風のピクセルアート、1ピクセル単位の輪郭が見えるはっきりしたドット絵、少ない色数、硬めの陰影、記号的で読みやすい形、現代イラスト風ではなくSFC時代のヨッシーアイランドの素材のような完成度でサイズは1440*2560で桜と若草が揺れる春の花畑の雰囲気でお願いします
,bg_spring_stream_01,/img/background/bg_spring_stream_01.png,background,shop|inventory|home,春イベント用の小川つき背景,1440,2560,1440*2560,png,medium,花びらが流れるせせらぎの春小道,春イベント用の小川つき背景の画像の作成をお願いします。GBA風のピクセルアート、1ピクセル単位の輪郭が見えるはっきりしたドット絵、少ない色数、硬めの陰影、記号的で読みやすい形、現代イラスト風ではなくSFC時代のヨッシーアイランドの素材のような完成度でサイズは1440*2560で花びらが流れる小川沿いの春小道の雰囲気でお願いします
,frame_sakura_01,/img/ui_frame/frame_sakura_01.png,ui_frame,shop|inventory|home,春イベント用さくらフレーム,1536,768,1536*768,png,high,ホームのモンスター画面に重ねる春限定フレーム。中央は広く抜き、左右と四隅に桜装飾を寄せる,春イベント用さくらフレームの画像の作成をお願いします。GBA風のピクセルアート、1ピクセル単位の輪郭が見えるはっきりしたドット絵、少ない色数、硬めの陰影、記号的で読みやすい形、現代イラスト風ではなくSFC時代のヨッシーアイランドの素材のような完成度でサイズは1536*768、ホームのモンスター画面にそのまま重ねる横長フレームとして、中央はモンスターが見えるよう広めに抜き、左右と四隅に淡い金縁と桜の花びら装飾を寄せた雰囲気でお願いします
,frame_clover_01,/img/ui_frame/frame_clover_01.png,ui_frame,shop|inventory|home,春イベント用クローバーフレーム,1536,768,1536*768,png,medium,ホームのモンスター画面に重ねる春フレーム。中央は広く抜き、外周に若草色とクローバー装飾を寄せる,春イベント用クローバーフレームの画像の作成をお願いします。GBA風のピクセルアート、1ピクセル単位の輪郭が見えるはっきりしたドット絵、少ない色数、硬めの陰影、記号的で読みやすい形、現代イラスト風ではなくSFC時代のヨッシーアイランドの素材のような完成度でサイズは1536*768、ホームのモンスター画面にそのまま重ねる横長フレームとして、中央はモンスターが見えるよう広めに抜き、外周に若草色と小さなクローバー装飾を寄せたやさしい雰囲気でお願いします
,deco_sakura_petals_01,/img/decoration/deco_sakura_petals_01.png,decoration,home|shop|inventory,ホームに重ねる花びらデコ,1024,1024,1024*1024,png,medium,透過PNGでモンスター周辺にふわっと重ねる花びら演出,ホームに重ねる花びらデコの画像の作成をお願いします。GBA風のピクセルアート、1ピクセル単位の輪郭が見えるはっきりしたドット絵、少ない色数、硬めの陰影、記号的で読みやすい形、現代イラスト風ではなくSFC時代のヨッシーアイランドの素材のような完成度でサイズは1024*1024で透過PNGの桜の花びらデコの雰囲気でお願いします
,deco_picnic_basket_01,/img/decoration/deco_picnic_basket_01.png,decoration,home|shop|inventory,春のピクニックバスケットデコ,1024,1024,1024*1024,png,medium,モンスター横に置ける春の小物デコ,春のピクニックバスケットデコの画像の作成をお願いします。GBA風のピクセルアート、1ピクセル単位の輪郭が見えるはっきりしたドット絵、少ない色数、硬めの陰影、記号的で読みやすい形、現代イラスト風ではなくSFC時代のヨッシーアイランドの素材のような完成度でサイズは1024*1024でモンスター横に置ける春のピクニックバスケットの雰囲気でお願いします
,deco_flower_lantern_01,/img/decoration/deco_flower_lantern_01.png,decoration,home|shop|inventory,花灯りランタンデコ,1024,1024,1024*1024,png,low,夜背景にも合う花模様のランタンデコ,花灯りランタンデコの画像の作成をお願いします。GBA風のピクセルアート、1ピクセル単位の輪郭が見えるはっきりしたドット絵、少ない色数、硬めの陰影、記号的で読みやすい形、現代イラスト風ではなくSFC時代のヨッシーアイランドの素材のような完成度でサイズは1024*1024で夜背景にも合う花模様のランタンデコの雰囲気でお願いします
,icon_spring_egg_ticket_01,/img/icon/icon_spring_egg_ticket_01.png,icon,shop|inventory,春たまごチケット用アイコン,512,512,512*512,png,high,チケットだと一目で分かる春色の券アイコン,春たまごチケット用アイコンの画像の作成をお願いします。GBA風のピクセルアート、1ピクセル単位の輪郭が見えるはっきりしたドット絵、少ない色数、硬めの陰影、記号的で読みやすい形、現代イラスト風ではなくSFC時代のヨッシーアイランドの素材のような完成度でサイズは512*512で春色のたまごチケットアイコンの雰囲気でお願いします
,icon_bundle_spring_starter_01,/img/icon/icon_bundle_spring_starter_01.png,icon,shop,春イベントスターターセットの束アイコン,1024,1024,1024*1024,png,medium,背景とフレームとチケットがまとまったセット感が欲しい,春イベントスターターセットの束アイコンの画像の作成をお願いします。GBA風のピクセルアート、1ピクセル単位の輪郭が見えるはっきりしたドット絵、少ない色数、硬めの陰影、記号的で読みやすい形、現代イラスト風ではなくSFC時代のヨッシーアイランドの素材のような完成度でサイズは1024*1024で背景とフレームとチケットがまとまったセットアイコンの雰囲気でお願いします
,icon_charm_power_paid_01,/img/item/charm/icon_charm_power_01.png,item,shop|inventory,有料版ちからのおまもりアイコン,512,512,512*512,png,medium,無料版より豪華な赤系のおまもりアイコン,有料版ちからのおまもりアイコンの画像の作成をお願いします。GBA風のピクセルアート、1ピクセル単位の輪郭が見えるはっきりしたドット絵、少ない色数、硬めの陰影、記号的で読みやすい形、現代イラスト風ではなくSFC時代のヨッシーアイランドの素材のような完成度でサイズは512*512で無料版より装飾の豪華な赤系のおまもりアイコンの雰囲気でお願いします
,icon_charm_heal_paid_01,/img/item/charm/icon_charm_heal_01.png,item,shop|inventory,有料版いやしのおまもりアイコン,512,512,512*512,png,medium,無料版より豪華な緑系のおまもりアイコン,有料版いやしのおまもりアイコンの画像の作成をお願いします。GBA風のピクセルアート、1ピクセル単位の輪郭が見えるはっきりしたドット絵、少ない色数、硬めの陰影、記号的で読みやすい形、現代イラスト風ではなくSFC時代のヨッシーアイランドの素材のような完成度でサイズは512*512で無料版より装飾の豪華な緑系のおまもりアイコンの雰囲気でお願いします
,icon_charm_knowledge_paid_01,/img/item/charm/icon_charm_knowledge_01.png,item,shop|inventory,有料版ちえのおまもりアイコン,512,512,512*512,png,medium,無料版より豪華な青系のおまもりアイコン,有料版ちえのおまもりアイコンの画像の作成をお願いします。GBA風のピクセルアート、1ピクセル単位の輪郭が見えるはっきりしたドット絵、少ない色数、硬めの陰影、記号的で読みやすい形、現代イラスト風ではなくSFC時代のヨッシーアイランドの素材のような完成度でサイズは512*512で無料版より装飾の豪華な青系のおまもりアイコンの雰囲気でお願いします
,icon_charm_create_paid_01,/img/item/charm/icon_charm_create_01.png,item,shop|inventory,有料版ひらめきのおまもりアイコン,512,512,512*512,png,medium,無料版より豪華な橙系のおまもりアイコン,有料版ひらめきのおまもりアイコンの画像の作成をお願いします。GBA風のピクセルアート、1ピクセル単位の輪郭が見えるはっきりしたドット絵、少ない色数、硬めの陰影、記号的で読みやすい形、現代イラスト風ではなくSFC時代のヨッシーアイランドの素材のような完成度でサイズは512*512で無料版より装飾の豪華な橙系のおまもりアイコンの雰囲気でお願いします
,monster_spring_egg_01,/img/monster/event_spring_egg_01.png,monster,birth-event|inventory|shop,春イベント卵,1024,1024,1024*1024,png,high,花びら模様の春イベント専用たまご,春イベント卵の画像の作成をお願いします。GBA風のピクセルアート、1ピクセル単位の輪郭が見えるはっきりしたドット絵、少ない色数、硬めの陰影、記号的で読みやすい形、現代イラスト風ではなくSFC時代のヨッシーアイランドの素材のような完成度でサイズは1024*1024で花びら模様の春イベント専用たまごの雰囲気でお願いします
,monster_spring_baby_01,/img/monster/event_spring_baby_01.png,monster,home|dex|events,つぼみスライム,1024,1024,1024*1024,png,high,花のつぼみをのせた春のbabyモンスター,つぼみスライムの画像の作成をお願いします。GBA風のピクセルアート、1ピクセル単位の輪郭が見えるはっきりしたドット絵、少ない色数、硬めの陰影、記号的で読みやすい形、現代イラスト風ではなくSFC時代のヨッシーアイランドの素材のような完成度でサイズは1024*1024で花のつぼみをのせた春のbabyモンスターの雰囲気でお願いします
,monster_spring_baby_02,/img/monster/event_spring_baby_02.png,monster,home|dex|events,しずくスライム,1024,1024,1024*1024,png,high,雨の雫から生まれた春のbabyモンスター,しずくスライムの画像の作成をお願いします。GBA風のピクセルアート、1ピクセル単位の輪郭が見えるはっきりしたドット絵、少ない色数、硬めの陰影、記号的で読みやすい形、現代イラスト風ではなくSFC時代のヨッシーアイランドの素材のような完成度でサイズは1024*1024で雨の雫から生まれた春のbabyモンスターの雰囲気でお願いします
,monster_spring_child_01,/img/monster/event_spring_child_01.png,monster,home|dex|events,はなもりフェアリー,1024,1024,1024*1024,png,medium,花畑を守る小さな妖精系childモンスター,はなもりフェアリーの画像の作成をお願いします。GBA風のピクセルアート、1ピクセル単位の輪郭が見えるはっきりしたドット絵、少ない色数、硬めの陰影、記号的で読みやすい形、現代イラスト風ではなくSFC時代のヨッシーアイランドの素材のような完成度でサイズは1024*1024で花畑を守る小さな妖精系childモンスターの雰囲気でお願いします
,monster_spring_child_02,/img/monster/event_spring_child_02.png,monster,home|dex|events,ミニハルネズミ,1024,1024,1024*1024,png,medium,花のつぼみを頭に乗せた春のネズミモンスター,ミニハルネズミの画像の作成をお願いします。GBA風のピクセルアート、1ピクセル単位の輪郭が見えるはっきりしたドット絵、少ない色数、硬めの陰影、記号的で読みやすい形、現代イラスト風ではなくSFC時代のヨッシーアイランドの素材のような完成度でサイズは1024*1024で花のつぼみを頭に乗せた春のネズミモンスターの雰囲気でお願いします
,monster_spring_child_03,/img/monster/event_spring_child_03.png,monster,home|dex|events,プチリュウ,1024,1024,1024*1024,png,medium,春の花をまとった小さなリュウ,プチリュウの画像の作成をお願いします。GBA風のピクセルアート、1ピクセル単位の輪郭が見えるはっきりしたドット絵、少ない色数、硬めの陰影、記号的で読みやすい形、現代イラスト風ではなくSFC時代のヨッシーアイランドの素材のような完成度でサイズは1024*1024で春の花をまとった小さなリュウの雰囲気でお願いします
,monster_spring_child_04,/img/monster/event_spring_child_04.png,monster,home|dex|events,ミニラビット,1024,1024,1024*1024,png,medium,イースター気分の春うさぎモンスター,ミニラビットの画像の作成をお願いします。GBA風のピクセルアート、1ピクセル単位の輪郭が見えるはっきりしたドット絵、少ない色数、硬めの陰影、記号的で読みやすい形、現代イラスト風ではなくSFC時代のヨッシーアイランドの素材のような完成度でサイズは1024*1024でイースター気分の春うさぎモンスターの雰囲気でお願いします
,monster_spring_adult_01,/img/monster/event_spring_adult_01.png,monster,home|dex|events,ハルフェアリー,1024,1024,1024*1024,png,medium,春を運ぶ大人姿の妖精モンスター,ハルフェアリーの画像の作成をお願いします。GBA風のピクセルアート、1ピクセル単位の輪郭が見えるはっきりしたドット絵、少ない色数、硬めの陰影、記号的で読みやすい形、現代イラスト風ではなくSFC時代のヨッシーアイランドの素材のような完成度でサイズは1024*1024で春を運ぶ大人姿の妖精モンスターの雰囲気でお願いします
,monster_spring_adult_02,/img/monster/event_spring_adult_02.png,monster,home|dex|events,ハルネズミ,1024,1024,1024*1024,png,medium,花を咲かせたハリネズミ風の春モンスター,ハルネズミの画像の作成をお願いします。GBA風のピクセルアート、1ピクセル単位の輪郭が見えるはっきりしたドット絵、少ない色数、硬めの陰影、記号的で読みやすい形、現代イラスト風ではなくSFC時代のヨッシーアイランドの素材のような完成度でサイズは1024*1024で花を咲かせたハリネズミ風の春モンスターの雰囲気でお願いします
,monster_spring_adult_03,/img/monster/event_spring_adult_03.png,monster,home|dex|events,ハルリュウ,1024,1024,1024*1024,png,medium,透き通る体に春の花をつけた春龍,ハルリュウの画像の作成をお願いします。GBA風のピクセルアート、1ピクセル単位の輪郭が見えるはっきりしたドット絵、少ない色数、硬めの陰影、記号的で読みやすい形、現代イラスト風ではなくSFC時代のヨッシーアイランドの素材のような完成度でサイズは1024*1024で透き通る体に春の花をつけた春龍の雰囲気でお願いします
,monster_spring_adult_04,/img/monster/event_spring_adult_04.png,monster,home|dex|events,イースターラビット,1024,1024,1024*1024,png,medium,卵コレクターのうさぎモンスター,イースターラビットの画像の作成をお願いします。GBA風のピクセルアート、1ピクセル単位の輪郭が見えるはっきりしたドット絵、少ない色数、硬めの陰影、記号的で読みやすい形、現代イラスト風ではなくSFC時代のヨッシーアイランドの素材のような完成度でサイズは1024*1024で卵コレクターのうさぎモンスターの雰囲気でお願いします
,monster_spring_final_01,/img/monster/event_spring_final_01.png,monster,home|dex|events,ハルノセラフィム,1024,1024,1024*1024,png,medium,桜の花びらをまとった春の守護者,ハルノセラフィムの画像の作成をお願いします。GBA風のピクセルアート、1ピクセル単位の輪郭が見えるはっきりしたドット絵、少ない色数、硬めの陰影、記号的で読みやすい形、現代イラスト風ではなくSFC時代のヨッシーアイランドの素材のような完成度でサイズは1024*1024で桜の花びらをまとった春の守護者の雰囲気でお願いします
,monster_spring_final_02,/img/monster/event_spring_final_02.png,monster,home|dex|events,フラワーネズミ,1024,1024,1024*1024,png,medium,花を纏う人気の高いネズミモンスター,フラワーネズミの画像の作成をお願いします。GBA風のピクセルアート、1ピクセル単位の輪郭が見えるはっきりしたドット絵、少ない色数、硬めの陰影、記号的で読みやすい形、現代イラスト風ではなくSFC時代のヨッシーアイランドの素材のような完成度でサイズは1024*1024で花を纏う人気の高いネズミモンスターの雰囲気でお願いします
,monster_spring_final_03,/img/monster/event_spring_final_03.png,monster,home|dex|events,ハルノツカイ,1024,1024,1024*1024,png,medium,未来永劫の幸せを運ぶ春龍,ハルノツカイの画像の作成をお願いします。GBA風のピクセルアート、1ピクセル単位の輪郭が見えるはっきりしたドット絵、少ない色数、硬めの陰影、記号的で読みやすい形、現代イラスト風ではなくSFC時代のヨッシーアイランドの素材のような完成度でサイズは1024*1024で未来永劫の幸せを運ぶ春龍の雰囲気でお願いします
,monster_spring_final_04,/img/monster/event_spring_final_04.png,monster,home|dex|events,ジクウノタビビト,1024,1024,1024*1024,png,medium,時空を超えて卵を集めるうさぎモンスター,ジクウノタビビトの画像の作成をお願いします。GBA風のピクセルアート、1ピクセル単位の輪郭が見えるはっきりしたドット絵、少ない色数、硬めの陰影、記号的で読みやすい形、現代イラスト風ではなくSFC時代のヨッシーアイランドの素材のような完成度でサイズは1024*1024で時空を超えて卵を集めるうさぎモンスターの雰囲気でお願いします
,icon_shop_01,/img/icon/icon_shop_01.png,icon,tasks|settings|inventory,ショップ導線アイコン,256,256,256*256,png,medium,買い物や屋台を連想しやすいショップアイコン,ショップ導線アイコンの画像の作成をお願いします。GBA風のピクセルアート、1ピクセル単位の輪郭が見えるはっきりしたドット絵、少ない色数、硬めの陰影、記号的で読みやすい形、現代イラスト風ではなくSFC時代のヨッシーアイランドの素材のような完成度でサイズは256*256で買い物や屋台を連想しやすいショップアイコンの雰囲気でお願いします
,icon_free_coin_01,/img/icon/icon_free_coin_01.png,icon,home|tasks|shop,フリーコイン表示用アイコン,256,256,256*256,png,high,無料通貨と一目で分かる銅貨や草色のコイン,フリーコイン表示用アイコンの画像の作成をお願いします。GBA風のピクセルアート、1ピクセル単位の輪郭が見えるはっきりしたドット絵、少ない色数、硬めの陰影、記号的で読みやすい形、現代イラスト風ではなくSFC時代のヨッシーアイランドの素材のような完成度でサイズは256*256で無料通貨と一目で分かる銅貨か草色コインの雰囲気でお願いします
,icon_paid_coin_01,/img/icon/icon_paid_coin_01.png,icon,home|shop|wallet,モンタコイン表示用アイコン,256,256,256*256,png,high,有料通貨と分かる金貨や星入りコイン,モンタコイン表示用アイコンの画像の作成をお願いします。GBA風のピクセルアート、1ピクセル単位の輪郭が見えるはっきりしたドット絵、少ない色数、硬めの陰影、記号的で読みやすい形、現代イラスト風ではなくSFC時代のヨッシーアイランドの素材のような完成度でサイズは256*256で有料通貨と分かる金貨か星入りコインの雰囲気でお願いします
,icon_paid_coin_pack_01,/img/icon/icon_paid_coin_pack_01.png,icon,shop,モンタコイン商品パック共通アイコン,512,512,512*512,png,medium,有料コインの束や袋のアイコンで商品一覧に使いやすくする,モンタコイン商品パック共通アイコンの画像の作成をお願いします。GBA風のピクセルアート、1ピクセル単位の輪郭が見えるはっきりしたドット絵、少ない色数、硬めの陰影、記号的で読みやすい形、現代イラスト風ではなくSFC時代のヨッシーアイランドの素材のような完成度でサイズは512*512でコインの束や袋をモチーフにした商品アイコンの雰囲気でお願いします
,icon_charm_power_free_01,/img/item/charm/icon_charm_power_free_01.png,item,shop|inventory,無料版ちからのおまもりアイコン,512,512,512*512,png,high,赤系でシンプルな無料版おまもりアイコン,無料版ちからのおまもりアイコンの画像の作成をお願いします。GBA風のピクセルアート、1ピクセル単位の輪郭が見えるはっきりしたドット絵、少ない色数、硬めの陰影、記号的で読みやすい形、現代イラスト風ではなくSFC時代のヨッシーアイランドの素材のような完成度でサイズは512*512で赤系でシンプルな無料版おまもりアイコンの雰囲気でお願いします
,icon_charm_heal_free_01,/img/item/charm/icon_charm_heal_free_01.png,item,shop|inventory,無料版いやしのおまもりアイコン,512,512,512*512,png,high,緑系でシンプルな無料版おまもりアイコン,無料版いやしのおまもりアイコンの画像の作成をお願いします。GBA風のピクセルアート、1ピクセル単位の輪郭が見えるはっきりしたドット絵、少ない色数、硬めの陰影、記号的で読みやすい形、現代イラスト風ではなくSFC時代のヨッシーアイランドの素材のような完成度でサイズは512*512で緑系でシンプルな無料版おまもりアイコンの雰囲気でお願いします
,icon_charm_knowledge_free_01,/img/item/charm/icon_charm_knowledge_free_01.png,item,shop|inventory,無料版ちえのおまもりアイコン,512,512,512*512,png,high,青系でシンプルな無料版おまもりアイコン,無料版ちえのおまもりアイコンの画像の作成をお願いします。GBA風のピクセルアート、1ピクセル単位の輪郭が見えるはっきりしたドット絵、少ない色数、硬めの陰影、記号的で読みやすい形、現代イラスト風ではなくSFC時代のヨッシーアイランドの素材のような完成度でサイズは512*512で青系でシンプルな無料版おまもりアイコンの雰囲気でお願いします
,icon_charm_create_free_01,/img/item/charm/icon_charm_create_free_01.png,item,shop|inventory,無料版ひらめきのおまもりアイコン,512,512,512*512,png,high,橙系でシンプルな無料版おまもりアイコン,無料版ひらめきのおまもりアイコンの画像の作成をお願いします。GBA風のピクセルアート、1ピクセル単位の輪郭が見えるはっきりしたドット絵、少ない色数、硬めの陰影、記号的で読みやすい形、現代イラスト風ではなくSFC時代のヨッシーアイランドの素材のような完成度でサイズは512*512で橙系でシンプルな無料版おまもりアイコンの雰囲気でお願いします
,icatch_spring_easter_01,/img/illustration/icatch_spring_easter_01.png,illustration,notifications|shop|events,春イベントアイキャッチ,1536,1024,1536*1024,png,high,春イベント告知やお知らせで使う横長アイキャッチ,春イベントのアイキャッチ画像をおねがいします。GBA風のピクセルアート、1ピクセル単位の輪郭が見えるはっきりしたドット絵、少ない色数、硬めの陰影、記号的で読みやすい形、現代イラスト風ではなくSFC時代のヨッシーアイランドの素材のような完成度でサイズは1536*1024で春イベント告知に使いやすい横長アイキャッチの雰囲気でお願いします
○,icon_boost_exp_20_01,/img/icon/icon_boost_exp_20_01.png,icon,shop|inventory,EXPブースト1時間アイコン,512,512,512*512,png,high,ショップと持ち物で使う1時間EXPブースト用アイコン,EXPブースト1時間アイコンの画像の作成をお願いします。GBA風のピクセルアート、1ピクセル単位の輪郭が見えるはっきりしたドット絵、少ない色数、硬めの陰影、記号的で読みやすい形、現代イラスト風ではなくSFC時代のヨッシーアイランドの素材のような完成度でサイズは512*512で経験値アップを連想しやすい砂時計や星付きポーション風の雰囲気でお願いします
○,icon_boost_exp_20_03,/img/icon/icon_boost_exp_20_03.png,icon,shop|inventory,EXPブースト3時間アイコン,512,512,512*512,png,high,ショップと持ち物で使う3時間EXPブースト用アイコン,EXPブースト3時間アイコンの画像の作成をお願いします。GBA風のピクセルアート、1ピクセル単位の輪郭が見えるはっきりしたドット絵、少ない色数、硬めの陰影、記号的で読みやすい形、現代イラスト風ではなくSFC時代のヨッシーアイランドの素材のような完成度でサイズは512*512で長時間の経験値アップを連想しやすい大きめの砂時計や強化薬風の雰囲気でお願いします
○,icon_boost_exp_20_1day,/img/icon/icon_boost_exp_20_1day.png,icon,shop|inventory,EXPブースト24時間アイコン,512,512,512*513,png,high,ショップと持ち物で使う3時間EXPブースト用アイコン,EXPブースト24時間アイコンの画像の作成をお願いします。GBA風のピクセルアート、1ピクセル単位の輪郭が見えるはっきりしたドット絵、少ない色数、硬めの陰影、記号的で読みやすい形、現代イラスト風ではなくSFC時代のヨッシーアイランドの素材のような完成度でサイズは512*512で長時間の経験値アップを連想しやすい大きめの砂時計や強化薬風の雰囲気でお願いします
○,icon_boost_exp_20_3day,/img/icon/icon_boost_exp_20_3day.png,icon,shop|inventory,EXPブースト72時間アイコン,512,512,512*514,png,high,ショップと持ち物で使う3時間EXPブースト用アイコン,EXPブースト72時間アイコンの画像の作成をお願いします。GBA風のピクセルアート、1ピクセル単位の輪郭が見えるはっきりしたドット絵、少ない色数、硬めの陰影、記号的で読みやすい形、現代イラスト風ではなくSFC時代のヨッシーアイランドの素材のような完成度でサイズは512*512で長時間の経験値アップを連想しやすい大きめの砂時計や強化薬風の雰囲気でお願いします
○,frame_starlight_01,/img/deco_frame/frame_starlight_01.png,ui_frame,shop|inventory|home,星灯りフレーム,1536,768,1536*768,png,medium,ホームのモンスター画面に重ねる横長フレーム。中央は広く抜き、濃紺と星明かりの装飾を外周に寄せる,星灯りフレームの画像の作成をお願いします。GBA風のピクセルアート、1ピクセル単位の輪郭が見えるはっきりしたドット絵、少ない色数、硬めの陰影、記号的で読みやすい形、現代イラスト風ではなくSFC時代のヨッシーアイランドの素材のような完成度でサイズは1536*768、ホームのモンスター画面にそのまま重ねる横長フレームとして、中央はモンスターが見えるよう広めに抜き、濃紺の夜空と星明かりの装飾を外周に寄せた上品な雰囲気でお願いします
○,icatch_spring_easter_02,/img/illustration/icatch_spring_easter_02.png,illustration,events,春イベントページ用アイキャッチ,1524,762,1524*762,png,high,イベント詳細ページのメイン表示に使う2:1の春イベントアイキャッチ,春イベントページのメインアイキャッチ画像の作成をお願いします。GBA風のピクセルアート、1ピクセル単位の輪郭が見えるはっきりしたドット絵、少ない色数、硬めの陰影、記号的で読みやすい形、現代イラスト風ではなくSFC時代のヨッシーアイランドの素材のような完成度でサイズは1524*762で春イベントページ中央に映えるやさしい横長アイキャッチの雰囲気でお願いします
○,bg_library_magic_01,/img/background/bg_library_magic_01.png,background,shop|home|settings|inventory,まほう書庫の背景,1440,2560,1440*2560,png,medium,常設有料背景。魔法書と書棚が並ぶ静かな書庫,まほう書庫の背景画像の作成をお願いします。GBA風のピクセルアート、1ピクセル単位の輪郭が見えるはっきりしたドット絵、少ない色数、硬めの陰影、記号的で読みやすい形、現代イラスト風ではなくSFC時代のヨッシーアイランドの素材のような完成度でサイズは1440*2560で静かな魔法書庫と灯りが並ぶ落ち着いた雰囲気でお願いします
○,icon_bundle_spring_deco_01,/img/icon/icon_bundle_spring_deco_01.png,icon,shop,春のかざりセット用アイコン,1024,1024,1024*1024,png,medium,春デコバンドル商品カード用のアイコン,春のかざりセット用アイコンの画像の作成をお願いします。GBA風のピクセルアート、1ピクセル単位の輪郭が見えるはっきりしたドット絵、少ない色数、硬めの陰影、記号的で読みやすい形、現代イラスト風ではなくSFC時代のヨッシーアイランドの素材のような完成度でサイズは1024*1024で花びらと小物をまとめた春デコバンドルらしい雰囲気でお願いします
○,frame_classic_gold_01,/img/deco_frame/frame_classic_gold_01.png,ui_frame,shop|inventory|home,クラシックフレーム,1536,768,1536*768,png,high,ホームのモンスター画面に重ねる基本フレーム。中央は広く抜き、外周に落ち着いた金縁と木目を配置,クラシックフレームの画像の作成をお願いします。GBA風のピクセルアート、1ピクセル単位の輪郭が見えるはっきりしたドット絵、少ない色数、硬めの陰影、記号的で読みやすい形、現代イラスト風ではなくSFC時代のヨッシーアイランドの素材のような完成度でサイズは1536*768、ホームのモンスター画面にそのまま重ねる横長フレームとして、中央はモンスターが見えるよう広めに抜き、外周に落ち着いた金縁と木目を配置した上品な基本フレームの雰囲気でお願いします
○,frame_sky_crystal_01,/img/deco_frame/frame_sky_crystal_01.png,ui_frame,shop|inventory|home,スカイクリスタル,1536,768,1536*768,png,high,ホームのモンスター画面に重ねる横長フレーム。中央は広く抜き、外周に青い光と結晶装飾を配置,スカイクリスタルの画像の作成をお願いします。GBA風のピクセルアート、1ピクセル単位の輪郭が見えるはっきりしたドット絵、少ない色数、硬めの陰影、記号的で読みやすい形、現代イラスト風ではなくSFC時代のヨッシーアイランドの素材のような完成度でサイズは1536*768、ホームのモンスター画面にそのまま重ねる横長フレームとして、中央はモンスターが見えるよう広めに抜き、外周に空色の光と透明感のあるクリスタル装飾を配置した爽やかな雰囲気でお願いします
○,frame_rose_charm_01,/img/deco_frame/frame_rose_charm_01.png,ui_frame,shop|inventory|home,ローズチャーム,1536,768,1536*768,png,high,ホームのモンスター画面に重ねる横長フレーム。中央は広く抜き、外周にやさしいピンクと薔薇飾りを配置,ローズチャームの画像の作成をお願いします。GBA風のピクセルアート、1ピクセル単位の輪郭が見えるはっきりしたドット絵、少ない色数、硬めの陰影、記号的で読みやすい形、現代イラスト風ではなくSFC時代のヨッシーアイランドの素材のような完成度でサイズは1536*768、ホームのモンスター画面にそのまま重ねる横長フレームとして、中央はモンスターが見えるよう広めに抜き、外周にやさしいピンクと薔薇飾りを配置した少し華やかな雰囲気でお願いします
