item_id,section,item_type,display_name,short_description,price_monta_coins,price_free_coins,currency_type,availability,rarity,is_paid_only,is_consumable,grant_type,grant_value,asset_id,current_path,recommended_w,recommended_h,format,priority,notes
paid_bg_spring_meadow_01,spring_event,background,春風の花畑,桜と若草がゆれる春イベント背景,500,0,paid_coin,event_limited,rare,yes,no,background,paid_bg_spring_meadow_01,bg_spring_meadow_01,/img/background/bg_spring_meadow_01.png,1440,2560,png,high,ホームや主要画面に使う縦長背景。GBA風ピクセルRPGの明るい花畑
paid_bg_spring_stream_01,spring_event,background,せせらぎの春小道,小川と花びらが流れる春の小道背景,500,0,paid_coin,event_limited,rare,yes,no,background,paid_bg_spring_stream_01,bg_spring_stream_01,/img/background/bg_spring_stream_01.png,1440,2560,png,medium,少し落ち着いた春背景。夜背景との差別化用
paid_frame_clover_01,spring_event,frame,クローバーフレーム,若草色と小さなクローバーのやさしいフレーム,400,0,paid_coin,event_limited,rare,yes,no,frame,paid_frame_clover_01,frame_clover_01,/img/deco_frame/frame_clover_01.png,960,640,png,medium,春イベントの低彩度グリーン系。ショップ/持ち物でのプレビューにも使う
paid_deco_sakura_petals_01,spring_event,decoration,花びらのかざり,ホームにふわっと春感を足す花びらデコ,500,0,paid_coin,event_limited,normal,yes,no,decoration,paid_deco_sakura_petals_01,deco_sakura_petals_01,/img/decoration/deco_sakura_petals_01.png,1024,1024,png,medium,透過PNG。ホームのモンスター周辺や背景上に重ねる想定
paid_deco_picnic_basket_01,spring_event,decoration,ピクニックバスケット,モンスターの横に置ける春の小物デコ,600,0,paid_coin,event_limited,normal,yes,no,decoration,paid_deco_picnic_basket_01,deco_picnic_basket_01,/img/decoration/deco_picnic_basket_01.png,1024,1024,png,medium,透過PNG。下部に影を含めると置物感が出る
paid_deco_flower_lantern_01,spring_event,decoration,花灯りランタン,夜背景にも合う花模様のランタンデコ,500,0,paid_coin,event_limited,rare,yes,no,decoration,paid_deco_flower_lantern_01,deco_flower_lantern_01,/img/decoration/deco_flower_lantern_01.png,1024,1024,png,low,透過PNG。夜の春イベント演出用
paid_spring_egg_01,spring_event,event_egg,春の芽吹きたまご,花模様のたまご。春イベントモンスターに出会える,500,0,paid_coin,event_limited,rare,yes,yes,event_egg,spring_monster_pool_01,monster_spring_egg_01,/img/monster/event_spring_egg_01.png,1024,1024,png,high,イベントショップで交換する想定の春イベント卵
paid_boost_exp_20_1h_01,booster,booster,EXPブースト 1時間,1時間だけ獲得EXPが20%アップ,0,100,free_coin,always,normal,no,yes,booster,exp_boost_20_1h,icon_boost_exp_20_01,/img/icon/icon_boost_exp_20_01.png,512,512,png,medium,消耗品。重複不可で時間延長のみ推奨
paid_boost_exp_20_3h_01,booster,booster,EXPブースト 3時間,3時間だけ獲得EXPが20%アップ,0,300,free_coin,always,rare,no,yes,booster,exp_boost_20_3h,icon_boost_exp_20_03,/img/icon/icon_boost_exp_20_03.png,512,512,png,medium,1時間版より少し割安
paid_boost_exp_20_24h_01,booster,booster,EXPブースト 24時間,24時間だけ獲得EXPが20%アップ,100,0,paid_coin,always,rare,no,yes,booster,exp_boost_20_24h,icon_boost_exp_20_1day,/img/icon/icon_boost_exp_20_1day.png,512,512,png,medium,無料版より長く使える有料版。
paid_boost_exp_20_72h_01,booster,booster,EXPブースト 72時間,72時間だけ獲得EXPが20%アップ,300,0,paid_coin,always,rare,no,yes,booster,exp_boost_20_72h,icon_boost_exp_20_3day,/img/icon/icon_boost_exp_20_3day.png,512,512,png,medium,無料版より長く使える有料版。
power_charm_01,evergreen,charm,ちからのおまもり,次の3タスクは Power だけが伸びるおまもりです。,0,300,free_coin,always,normal,no,yes,attribute_charm,power:3,icon_charm_power_free_01,/img/item/charm/icon_charm_power_free_01.png,512,512,png,medium,通常ショップのフリーコイン用おまもり
heal_charm_01,evergreen,charm,いやしのおまもり,次の3タスクは Heal だけが伸びるおまもりです。,0,300,free_coin,always,normal,no,yes,attribute_charm,heal:3,icon_charm_heal_free_01,/img/item/charm/icon_charm_heal_free_01.png,512,512,png,medium,通常ショップのフリーコイン用おまもり
knowledge_charm_01,evergreen,charm,ちえのおまもり,次の3タスクは Knowledge だけが伸びるおまもりです。,0,300,free_coin,always,normal,no,yes,attribute_charm,knowledge:3,icon_charm_knowledge_free_01,/img/item/charm/icon_charm_knowledge_free_01.png,512,512,png,medium,通常ショップのフリーコイン用おまもり
create_charm_01,evergreen,charm,ひらめきのおまもり,次の3タスクは Create だけが伸びるおまもりです。,0,300,free_coin,always,normal,no,yes,attribute_charm,create:3,icon_charm_create_free_01,/img/item/charm/icon_charm_create_free_01.png,512,512,png,medium,通常ショップのフリーコイン用おまもり
paid_charm_power_01,evergreen,charm,ちからのおまもり+,次の10タスクは Power だけが伸びる、モンタコイン用の特別なおまもりです。,300,0,paid_coin,always,rare,yes,yes,attribute_charm,power:10,icon_charm_power_01,/img/item/charm/icon_charm_power_01.png,512,512,png,high,無料版より長く使える有料版。将来の paid coin 消費先候補
paid_charm_heal_01,evergreen,charm,いやしのおまもり+,次の10タスクは Heal だけが伸びる、モンタコイン用の特別なおまもりです。,300,0,paid_coin,always,rare,yes,yes,attribute_charm,heal:10,icon_charm_heal_01,/img/item/charm/icon_charm_heal_01.png,512,512,png,high,無料版と区別するためアイコンは専用色・専用装飾にする
paid_charm_knowledge_01,evergreen,charm,ちえのおまもり+,次の10タスクは Knowledge だけが伸びる、モンタコイン用の特別なおまもりです。,300,0,paid_coin,always,rare,yes,yes,attribute_charm,knowledge:10,icon_charm_knowledge_01,/img/item/charm/icon_charm_knowledge_01.png,512,512,png,high,無料版より使用回数を増やした有料版の仮案
paid_charm_create_01,evergreen,charm,ひらめきのおまもり+,次の10タスクは Create だけが伸びる、モンタコイン用の特別なおまもりです。,300,0,paid_coin,always,rare,yes,yes,attribute_charm,create:10,icon_charm_create_01,/img/item/charm/icon_charm_create_01.png,512,512,png,high,無料版と同じ系統だが有料は演出や輪郭を豪華にすると差別化しやすい
paid_frame_starlight_01,evergreen,frame,星灯りフレーム,星と青い光の通年販売フレーム,400,0,paid_coin,always,rare,yes,no,frame,paid_frame_starlight_01,frame_starlight_01,/img/deco_frame/frame_starlight_01.png,960,640,png,medium,春以外の有料ショップ常設品。既存 sky_crystal と被りすぎないよう濃紺寄り
paid_bg_library_magic_01,evergreen,background,まほう書庫の背景,図鑑好き向けの静かな魔法書庫背景,0,500,free_coin,always,rare,no,no,background,paid_bg_library_magic_01,bg_library_magic_01,/img/background/bg_library_magic_01.png,1440,2560,png,medium,常設背景。図鑑背景との世界観に寄せる
paid_bundle_spring_starter_01,spring_event,bundle,春イベントスターターセット,500モンタコイン+春の芽吹きたまご+EXPブースト 24時間,500,0,jpy,event_limited,ultra,yes,yes,bundle,paid_coin:500|spring_egg_01|paid_boost_exp_20_24h_01,bundle_spring_starter_01,/img/icon/icon_bundle_spring_starter_01.png,1024,1024,png,high,Stripe Checkoutの決済商品。購入後にモンタコイン500とイベント卵、24時間ブーストを自動付与
paid_bundle_spring_deco_01,spring_event,bundle,春のかざりセット,ピクニックバスケット+花灯りランタン+春の芽吹きたまご,500,0,paid_coin,event_limited,rare,yes,yes,bundle,deco_picnic_basket_01|deco_flower_lantern_01|spring_egg_01,bundle_spring_deco_01,/img/icon/icon_bundle_spring_deco_01.png,1024,1024,png,medium,イベントショップのモンタコイン交換セット
home_night,evergreen,background,星夜の草原,夜の雰囲気が楽しめるホーム背景です。,0,500,free_coin,always,normal,no,no,background,home_night,bg_home_night_01,/img/background/bg_home_night_01.png,1440,2560,png,medium,常設の無料コイン背景
main_field,evergreen,background,冒険のフィールド,少し広い世界を感じられるホーム背景です。,0,500,free_coin,always,normal,no,no,background,main_field,bg_main_field_01,/img/background/bg_main_field_01.png,1440,2560,png,medium,常設の無料コイン背景
classic_gold,evergreen,frame,クラシックフレーム,いまの雰囲気をそのまま楽しめる基本フレームです。,0,0,free_coin,always,normal,no,no,frame,classic_gold,,960,640,png,medium,初期所持の基本フレーム
sky_crystal,evergreen,frame,スカイクリスタル,青みのある光で、すっきりした印象に変わるフレームです。,0,300,free_coin,always,normal,no,no,frame,sky_crystal,,960,640,png,medium,常設の無料コインフレーム
rose_charm,evergreen,frame,ローズチャーム,やさしいピンク系で、少し華やかな雰囲気になるフレームです。,0,300,free_coin,always,normal,no,no,frame,rose_charm,,960,640,png,medium,常設の無料コインフレーム
paid_coin_pack_small,coin_pack,coin_pack,モンタコイン 120枚,まず試しやすいいちばん小さなモンタコインパックです。,100,0,jpy,always,normal,no,no,paid_coin,120,icon_paid_coin_pack_01,/img/icon/icon_paid_coin_pack_01.png,512,512,png,high,Stripe Checkoutで販売
paid_coin_pack_medium,coin_pack,coin_pack,モンタコイン 380枚,少し遊びやすい中サイズのモンタコインパックです。,300,0,jpy,always,normal,no,no,paid_coin,380,icon_paid_coin_pack_01,/img/icon/icon_paid_coin_pack_01.png,512,512,png,high,Stripe Checkoutで販売
paid_coin_pack_large,coin_pack,coin_pack,モンタコイン 700枚,しっかり使いたい方向けのモンタコインパックです。,600,0,jpy,always,rare,no,no,paid_coin,700,icon_paid_coin_pack_01,/img/icon/icon_paid_coin_pack_01.png,512,512,png,high,Stripe Checkoutで販売
paid_coin_pack_xlarge,coin_pack,coin_pack,モンタコイン 1600枚,一番お得に使える大容量モンタコインパックです。,1000,0,jpy,always,rare,no,no,paid_coin,1600,icon_paid_coin_pack_01,/img/icon/icon_paid_coin_pack_01.png,512,512,png,high,Stripe Checkoutで販売
home_morning,evergreen,background,はじまりの草原,ホームで使える基本背景です。,0,0,free_coin,always,normal,no,no,background,home_morning,bg_home_morning_01,/img/background/bg_home_morning_01.png,1440,2560,png,medium,初期所持の基本背景
